Stock,YEAR,AGE,HARVEST,NATURAL_MORTALITY,MATURITY,POPULATION,CATCH_N,MEAN_W,FSPAWNING,MSPAWNING,SSB,REC,BIOMASS,CATCH,FCURR,minFbar,maxFbar,minYEAR,maxYEAR,minAGE,maxAGE,PlusG
HKE1718SS3,1998,0,0.08235,1.34,8.31528027664132E-07,325632,14252.906565998,9.43444E-06,0,0,3082.38477634981,325632,13000.9,9493.29,0.78617375,1,4,1998,2018,0,20,20
HKE1718SS3,1998,1,0.548175,0.655,0.000911051194401,103961.3,33221.850901,0.0355354,0,0,3082.38477634981,325632,13000.9,9493.29,0.78617375,1,4,1998,2018,0,20,20
HKE1718SS3,1998,2,0.84128,0.56125,0.057324175898869,50393.4,22857.75919,0.13227,0,0,3082.38477634981,325632,13000.9,9493.29,0.78617375,1,4,1998,2018,0,20,20
HKE1718SS3,1998,3,0.900935,0.4675,0.197816111441418,9854.78,4839.12676,0.312104,0,0,3082.38477634981,325632,13000.9,9493.29,0.78617375,1,4,1998,2018,0,20,20
HKE1718SS3,1998,4,0.854305,0.37375,0.5,3197.12,1568.57462,0.583611,0,0,3082.38477634981,325632,13000.9,9493.29,0.78617375,1,4,1998,2018,0,20,20
HKE1718SS3,1998,5,0.79969,0.28,0.5,1140.295,556.41151,0.947785,0,0,3082.38477634981,325632,13000.9,9493.29,0.78617375,1,4,1998,2018,0,20,20
HKE1718SS3,1998,6,0.758736,0.2743335,0.802183888558582,359.123,169.864833,1.40048,0,0,3082.38477634981,325632,13000.9,9493.29,0.78617375,1,4,1998,2018,0,20,20
HKE1718SS3,1998,7,0.729543,0.2686665,0.802183888558582,99.9634,46.2412358,1.9343,0,0,3082.38477634981,325632,13000.9,9493.29,0.78617375,1,4,1998,2018,0,20,20
HKE1718SS3,1998,8,0.7070775,0.263,0.802183888558582,20.25145,9.21803895,2.53988,0,0,3082.38477634981,325632,13000.9,9493.29,0.78617375,1,4,1998,2018,0,20,20
HKE1718SS3,1998,9,0.6881335,0.2573335,0.802183888558582,4.46188,2.002671495,3.20696,0,0,3082.38477634981,325632,13000.9,9493.29,0.78617375,1,4,1998,2018,0,20,20
HKE1718SS3,1998,10,0.672248,0.2516665,0.802183888558582,0.931919,0.4127466953,3.92498,0,0,3082.38477634981,325632,13000.9,9493.29,0.78617375,1,4,1998,2018,0,20,20
HKE1718SS3,1998,11,0.658067,0.246,0.802183888558582,0.1911007,0.083456014218,4.68355,0,0,3082.38477634981,325632,13000.9,9493.29,0.78617375,1,4,1998,2018,0,20,20
HKE1718SS3,1998,12,0.645562,0.2403335,0.802183888558582,0.0392618,0.0169041242316,5.47293,0,0,3082.38477634981,325632,13000.9,9493.29,0.78617375,1,4,1998,2018,0,20,20
HKE1718SS3,1998,13,0.6346645,0.2346665,0.802183888558582,0.00815598,0.00346384847892,6.2839,0,0,3082.38477634981,325632,13000.9,9493.29,0.78617375,1,4,1998,2018,0,20,20
HKE1718SS3,1998,14,0.6256815,0.229,0.802183888558582,0.001721136,0.000722111522995,7.10797,0,0,3082.38477634981,325632,13000.9,9493.29,0.78617375,1,4,1998,2018,0,20,20
HKE1718SS3,1998,15,0.6177005,0.2233335,0.802183888558582,0.000369442,0.000153253199704,7.93727,0,0,3082.38477634981,325632,13000.9,9493.29,0.78617375,1,4,1998,2018,0,20,20
HKE1718SS3,1998,16,0.6109735,0.2176665,0.802183888558582,8.07402E-05,3.31629036652409E-05,8.76398,0,0,3082.38477634981,325632,13000.9,9493.29,0.78617375,1,4,1998,2018,0,20,20
HKE1718SS3,1998,17,0.6054765,0.212,0.802183888558582,1.795553E-05,7.31335292593497E-06,9.58033,0,0,3082.38477634981,325632,13000.9,9493.29,0.78617375,1,4,1998,2018,0,20,20
HKE1718SS3,1998,18,0.6005205,0.2063335,0.802183888558582,4.05917E-06,1.64088067839851E-06,10.378,0,0,3082.38477634981,325632,13000.9,9493.29,0.78617375,1,4,1998,2018,0,20,20
HKE1718SS3,1998,19,0.5974675,0.1959975,0.802183888558582,6.95614E-07,2.79479921036537E-07,11.1487,0,0,3082.38477634981,325632,13000.9,9493.29,0.78617375,1,4,1998,2018,0,20,20
HKE1718SS3,1998,20,0.5974675,0.1959975,0.802183888558582,2.130178E-07,8.42041162182829E-08,14.164,0,0,3082.38477634981,325632,13000.9,9493.29,0.78617375,1,4,1998,2018,0,20,20
HKE1718SS3,1999,0,0.061905,1.34,8.31528027664132E-07,311352,10328.783270743,9.43444E-06,0,0,2926.24703634202,311352,10675.5,6659.08,0.667244,1,4,1998,2018,0,20,20
HKE1718SS3,1999,1,0.43065,0.655,0.000911051194401,78615.8,20709.991765,0.0355354,0,0,2926.24703634202,311352,10675.5,6659.08,0.667244,1,4,1998,2018,0,20,20
HKE1718SS3,1999,2,0.723275,0.56125,0.057324175898869,31268,12777.558862,0.13227,0,0,2926.24703634202,311352,10675.5,6659.08,0.667244,1,4,1998,2018,0,20,20
HKE1718SS3,1999,3,0.795645,0.4675,0.197816111441418,12409.54,5606.88321,0.312104,0,0,2926.24703634202,311352,10675.5,6659.08,0.667244,1,4,1998,2018,0,20,20
HKE1718SS3,1999,4,0.719406,0.37375,0.5,2520.17,1091.7701,0.583611,0,0,2926.24703634202,311352,10675.5,6659.08,0.667244,1,4,1998,2018,0,20,20
HKE1718SS3,1999,5,0.613593,0.28,0.5,944.65,375.39512,0.947785,0,0,2926.24703634202,311352,10675.5,6659.08,0.667244,1,4,1998,2018,0,20,20
HKE1718SS3,1999,6,0.528073,0.2743335,0.802183888558582,389.583,138.905414,1.40048,0,0,2926.24703634202,311352,10675.5,6659.08,0.667244,1,4,1998,2018,0,20,20
HKE1718SS3,1999,7,0.4689875,0.2686665,0.802183888558582,127.839,42.1141033,1.9343,0,0,2926.24703634202,311352,10675.5,6659.08,0.667244,1,4,1998,2018,0,20,20
HKE1718SS3,1999,8,0.429336,0.263,0.802183888558582,36.6351,11.39334845,2.53988,0,0,2926.24703634202,311352,10675.5,6659.08,0.667244,1,4,1998,2018,0,20,20
HKE1718SS3,1999,9,0.4020135,0.2573335,0.802183888558582,7.59206,2.257918933,3.20696,0,0,2926.24703634202,311352,10675.5,6659.08,0.667244,1,4,1998,2018,0,20,20
HKE1718SS3,1999,10,0.3830885,0.2516665,0.802183888558582,1.708697,0.490641293,3.92498,0,0,2926.24703634202,311352,10675.5,6659.08,0.667244,1,4,1998,2018,0,20,20
HKE1718SS3,1999,11,0.3688945,0.246,0.802183888558582,0.36455,0.1015698004,4.68355,0,0,2926.24703634202,311352,10675.5,6659.08,0.667244,1,4,1998,2018,0,20,20
HKE1718SS3,1999,12,0.357854,0.2403335,0.802183888558582,0.0764437,0.0207397791701,5.47293,0,0,2926.24703634202,311352,10675.5,6659.08,0.667244,1,4,1998,2018,0,20,20
HKE1718SS3,1999,13,0.3490065,0.2346665,0.802183888558582,0.0160638,0.00425597961628,6.2839,0,0,2926.24703634202,311352,10675.5,6659.08,0.667244,1,4,1998,2018,0,20,20
HKE1718SS3,1999,14,0.342049,0.229,0.802183888558582,0.00341122,0.000885382026608,7.10797,0,0,2926.24703634202,311352,10675.5,6659.08,0.667244,1,4,1998,2018,0,20,20
HKE1718SS3,1999,15,0.3360945,0.2233335,0.802183888558582,0.000734808,0.00018715750475,7.93727,0,0,2926.24703634202,311352,10675.5,6659.08,0.667244,1,4,1998,2018,0,20,20
HKE1718SS3,1999,16,0.3311655,0.2176665,0.802183888558582,0.000160858,4.0296994067469E-05,8.76398,0,0,2926.24703634202,311352,10675.5,6659.08,0.667244,1,4,1998,2018,0,20,20
HKE1718SS3,1999,17,0.3271675,0.212,0.802183888558582,3.58028E-05,8.84140393178376E-06,9.58033,0,0,2926.24703634202,311352,10675.5,6659.08,0.667244,1,4,1998,2018,0,20,20
HKE1718SS3,1999,18,0.3236235,0.2063335,0.802183888558582,8.09737E-06,1.97377222100888E-06,10.378,0,0,2926.24703634202,311352,10675.5,6659.08,0.667244,1,4,1998,2018,0,20,20
HKE1718SS3,1999,19,0.3227495,0.1962615,0.802183888558582,1.860073E-06,4.48442055824815E-07,11.1487,0,0,2926.24703634202,311352,10675.5,6659.08,0.667244,1,4,1998,2018,0,20,20
HKE1718SS3,1999,20,0.3227495,0.1962615,0.802183888558582,4.24816E-07,9.96869934723323E-08,14.164,0,0,2926.24703634202,311352,10675.5,6659.08,0.667244,1,4,1998,2018,0,20,20
HKE1718SS3,2000,0,0.06735,1.34,8.31528027664132E-07,400360,14418.235700524,9.43444E-06,0,0,3084.15155191095,400360,9863.16,6269.98,0.70056875,1,4,1998,2018,0,20,20
HKE1718SS3,2000,1,0.465185,0.655,0.000911051194401,76704.8,21514.2131821,0.0355354,0,0,3084.15155191095,400360,9863.16,6269.98,0.70056875,1,4,1998,2018,0,20,20
HKE1718SS3,2000,2,0.76395,0.56125,0.057324175898869,26599.7,11298.129587,0.13227,0,0,3084.15155191095,400360,9863.16,6269.98,0.70056875,1,4,1998,2018,0,20,20
HKE1718SS3,2000,3,0.830005,0.4675,0.197816111441418,8660.67,4026.01109,0.312104,0,0,3084.15155191095,400360,9863.16,6269.98,0.70056875,1,4,1998,2018,0,20,20
HKE1718SS3,2000,4,0.743135,0.37375,0.5,3527.09,1561.6144,0.583611,0,0,3084.15155191095,400360,9863.16,6269.98,0.70056875,1,4,1998,2018,0,20,20
HKE1718SS3,2000,5,0.6253945,0.28,0.5,858.889,343.27678,0.947785,0,0,3084.15155191095,400360,9863.16,6269.98,0.70056875,1,4,1998,2018,0,20,20
HKE1718SS3,2000,6,0.5293775,0.2743335,0.802183888558582,395.48,138.43311,1.40048,0,0,3084.15155191095,400360,9863.16,6269.98,0.70056875,1,4,1998,2018,0,20,20
HKE1718SS3,2000,7,0.462249,0.2686665,0.802183888558582,177.6347,56.3733683,1.9343,0,0,3084.15155191095,400360,9863.16,6269.98,0.70056875,1,4,1998,2018,0,20,20
HKE1718SS3,2000,8,0.416837,0.263,0.802183888558582,61.5041,18.2666555,2.53988,0,0,3084.15155191095,400360,9863.16,6269.98,0.70056875,1,4,1998,2018,0,20,20
HKE1718SS3,2000,9,0.38556,0.2573335,0.802183888558582,18.2775,5.17592725,3.20696,0,0,3084.15155191095,400360,9863.16,6269.98,0.70056875,1,4,1998,2018,0,20,20
HKE1718SS3,2000,10,0.364033,0.2516665,0.802183888558582,3.89571,1.0634273563,3.92498,0,0,3084.15155191095,400360,9863.16,6269.98,0.70056875,1,4,1998,2018,0,20,20
HKE1718SS3,2000,11,0.348148,0.246,0.802183888558582,0.897384,0.23723772402,4.68355,0,0,3084.15155191095,400360,9863.16,6269.98,0.70056875,1,4,1998,2018,0,20,20
HKE1718SS3,2000,12,0.336023,0.2403335,0.802183888558582,0.1955265,0.050219290538,5.47293,0,0,3084.15155191095,400360,9863.16,6269.98,0.70056875,1,4,1998,2018,0,20,20
HKE1718SS3,2000,13,0.3264805,0.2346665,0.802183888558582,0.0418091,0.01046084877236,6.2839,0,0,3084.15155191095,400360,9863.16,6269.98,0.70056875,1,4,1998,2018,0,20,20
HKE1718SS3,2000,14,0.319076,0.229,0.802183888558582,0.008948,0.002188187987871,7.10797,0,0,3084.15155191095,400360,9863.16,6269.98,0.70056875,1,4,1998,2018,0,20,20
HKE1718SS3,2000,15,0.3128315,0.2233335,0.802183888558582,0.001932578,0.000462769978888,7.93727,0,0,3084.15155191095,400360,9863.16,6269.98,0.70056875,1,4,1998,2018,0,20,20
HKE1718SS3,2000,16,0.30771,0.2176665,0.802183888558582,0.000423069,9.94490991451E-05,8.76398,0,0,3084.15155191095,400360,9863.16,6269.98,0.70056875,1,4,1998,2018,0,20,20
HKE1718SS3,2000,17,0.3035825,0.212,0.802183888558582,9.40258E-05,2.17519438943175E-05,9.58033,0,0,3084.15155191095,400360,9863.16,6269.98,0.70056875,1,4,1998,2018,0,20,20
HKE1718SS3,2000,18,0.2999565,0.2063335,0.802183888558582,2.122559E-05,4.83987827824223E-06,10.378,0,0,3084.15155191095,400360,9863.16,6269.98,0.70056875,1,4,1998,2018,0,20,20
HKE1718SS3,2000,19,0.298587,0.196205,0.802183888558582,4.86574E-06,1.09603414369039E-06,11.1487,0,0,3084.15155191095,400360,9863.16,6269.98,0.70056875,1,4,1998,2018,0,20,20
HKE1718SS3,2000,20,0.298587,0.196205,0.802183888558582,1.395276E-06,3.05433393335382E-07,14.164,0,0,3084.15155191095,400360,9863.16,6269.98,0.70056875,1,4,1998,2018,0,20,20
HKE1718SS3,2001,0,0.066145,1.34,8.31528027664132E-07,384244,13596.210973236,9.43444E-06,0,0,2869.52292851101,384244,9806.29,6216.4,0.70235875,1,4,1998,2018,0,20,20
HKE1718SS3,2001,1,0.46082,0.655,0.000911051194401,98102.4,27308.5795194,0.0355354,0,0,2869.52292851101,384244,9806.29,6216.4,0.70235875,1,4,1998,2018,0,20,20
HKE1718SS3,2001,2,0.76628,0.56125,0.057324175898869,25067,10667.969361,0.13227,0,0,2869.52292851101,384244,9806.29,6216.4,0.70235875,1,4,1998,2018,0,20,20
HKE1718SS3,2001,3,0.836085,0.4675,0.197816111441418,7074.58,3304.83503,0.312104,0,0,2869.52292851101,384244,9806.29,6216.4,0.70235875,1,4,1998,2018,0,20,20
HKE1718SS3,2001,4,0.74625,0.37375,0.5,2378.72,1055.82964,0.583611,0,0,2869.52292851101,384244,9806.29,6216.4,0.70235875,1,4,1998,2018,0,20,20
HKE1718SS3,2001,5,0.623299,0.28,0.5,1175.936,467.45894,0.947785,0,0,2869.52292851101,384244,9806.29,6216.4,0.70235875,1,4,1998,2018,0,20,20
HKE1718SS3,2001,6,0.5230145,0.2743335,0.802183888558582,358.493,122.977715,1.40048,0,0,2869.52292851101,384244,9806.29,6216.4,0.70235875,1,4,1998,2018,0,20,20
HKE1718SS3,2001,7,0.4531915,0.2686665,0.802183888558582,183.1814,56.029525,1.9343,0,0,2869.52292851101,384244,9806.29,6216.4,0.70235875,1,4,1998,2018,0,20,20
HKE1718SS3,2001,8,0.4063225,0.263,0.802183888558582,87.7366,24.856211,2.53988,0,0,2869.52292851101,384244,9806.29,6216.4,0.70235875,1,4,1998,2018,0,20,20
HKE1718SS3,2001,9,0.374378,0.2573335,0.802183888558582,31.5793,8.52079664,3.20696,0,0,2869.52292851101,384244,9806.29,6216.4,0.70235875,1,4,1998,2018,0,20,20
HKE1718SS3,2001,10,0.352645,0.2516665,0.802183888558582,9.63906,2.517505168,3.92498,0,0,2869.52292851101,384244,9806.29,6216.4,0.70235875,1,4,1998,2018,0,20,20
HKE1718SS3,2001,11,0.336791,0.246,0.802183888558582,2.09889,0.5335862001,4.68355,0,0,2869.52292851101,384244,9806.29,6216.4,0.70235875,1,4,1998,2018,0,20,20
HKE1718SS3,2001,12,0.3248045,0.2403335,0.802183888558582,0.493117,0.122280380443,5.47293,0,0,2869.52292851101,384244,9806.29,6216.4,0.70235875,1,4,1998,2018,0,20,20
HKE1718SS3,2001,13,0.3154405,0.2346665,0.802183888558582,0.1094811,0.0265173197492,6.2839,0,0,2869.52292851101,384244,9806.29,6216.4,0.70235875,1,4,1998,2018,0,20,20
HKE1718SS3,2001,14,0.3082135,0.229,0.802183888558582,0.0238341,0.00565149240431,7.10797,0,0,2869.52292851101,384244,9806.29,6216.4,0.70235875,1,4,1998,2018,0,20,20
HKE1718SS3,2001,15,0.3021385,0.2233335,0.802183888558582,0.00518719,0.001205526699996,7.93727,0,0,2869.52292851101,384244,9806.29,6216.4,0.70235875,1,4,1998,2018,0,20,20
HKE1718SS3,2001,16,0.2971685,0.2176665,0.802183888558582,0.001138461,0.000259868867955,8.76398,0,0,2869.52292851101,384244,9806.29,6216.4,0.70235875,1,4,1998,2018,0,20,20
HKE1718SS3,2001,17,0.293172,0.212,0.802183888558582,0.000253012,5.68534104528911E-05,9.58033,0,0,2869.52292851101,384244,9806.29,6216.4,0.70235875,1,4,1998,2018,0,20,20
HKE1718SS3,2001,18,0.289665,0.2063335,0.802183888558582,5.70294E-05,1.26325137951054E-05,10.378,0,0,2869.52292851101,384244,9806.29,6216.4,0.70235875,1,4,1998,2018,0,20,20
HKE1718SS3,2001,19,0.2883945,0.1961625,0.802183888558582,1.30483E-05,2.85535565787939E-06,11.1487,0,0,2869.52292851101,384244,9806.29,6216.4,0.70235875,1,4,1998,2018,0,20,20
HKE1718SS3,2001,20,0.2883945,0.1961625,0.802183888558582,3.91339E-06,8.32068977512992E-07,14.164,0,0,2869.52292851101,384244,9806.29,6216.4,0.70235875,1,4,1998,2018,0,20,20
HKE1718SS3,2002,0,0.05746,1.34,8.31528027664132E-07,420976,12989.634233182,9.43444E-06,0,0,2800.35062705781,420976,10088.2,5407.46,0.560701625,1,4,1998,2018,0,20,20
HKE1718SS3,2002,1,0.358154,0.655,0.000911051194401,94266.1,21280.0602582,0.0355354,0,0,2800.35062705781,420976,10088.2,5407.46,0.560701625,1,4,1998,2018,0,20,20
HKE1718SS3,2002,2,0.610185,0.56125,0.057324175898869,32201,11620.000588,0.13227,0,0,2800.35062705781,420976,10088.2,5407.46,0.560701625,1,4,1998,2018,0,20,20
HKE1718SS3,2002,3,0.67664,0.4675,0.197816111441418,6650.42,2679.91011,0.312104,0,0,2800.35062705781,420976,10088.2,5407.46,0.560701625,1,4,1998,2018,0,20,20
HKE1718SS3,2002,4,0.5978275,0.37375,0.5,1931.78,728.31644,0.583611,0,0,2800.35062705781,420976,10088.2,5407.46,0.560701625,1,4,1998,2018,0,20,20
HKE1718SS3,2002,5,0.4859455,0.28,0.5,790.956,257.761557,0.947785,0,0,2800.35062705781,420976,10088.2,5407.46,0.560701625,1,4,1998,2018,0,20,20
HKE1718SS3,2002,6,0.3947265,0.2743335,0.802183888558582,493.11,132.775601,1.40048,0,0,2800.35062705781,420976,10088.2,5407.46,0.560701625,1,4,1998,2018,0,20,20
HKE1718SS3,2002,7,0.332144,0.2686665,0.802183888558582,168.4462,38.8644139,1.9343,0,0,2800.35062705781,420976,10088.2,5407.46,0.560701625,1,4,1998,2018,0,20,20
HKE1718SS3,2002,8,0.291151,0.263,0.802183888558582,92.6028,19.1903523,2.53988,0,0,2800.35062705781,420976,10088.2,5407.46,0.560701625,1,4,1998,2018,0,20,20
HKE1718SS3,2002,9,0.264032,0.2573335,0.802183888558582,46.31,8.96943246,3.20696,0,0,2800.35062705781,420976,10088.2,5407.46,0.560701625,1,4,1998,2018,0,20,20
HKE1718SS3,2002,10,0.246109,0.2516665,0.802183888558582,17.10263,3.183028615,3.92498,0,0,2800.35062705781,420976,10088.2,5407.46,0.560701625,1,4,1998,2018,0,20,20
HKE1718SS3,2002,11,0.233347,0.246,0.802183888558582,5.31221,0.9617994435,4.68355,0,0,2800.35062705781,420976,10088.2,5407.46,0.560701625,1,4,1998,2018,0,20,20
HKE1718SS3,2002,12,0.2238425,0.2403335,0.802183888558582,1.174859,0.207715054594,5.47293,0,0,2800.35062705781,420976,10088.2,5407.46,0.560701625,1,4,1998,2018,0,20,20
HKE1718SS3,2002,13,0.2164615,0.2346665,0.802183888558582,0.280344,0.0484183989327,6.2839,0,0,2800.35062705781,420976,10088.2,5407.46,0.560701625,1,4,1998,2018,0,20,20
HKE1718SS3,2002,14,0.2107475,0.229,0.802183888558582,0.0632259,0.01067514929823,7.10797,0,0,2800.35062705781,420976,10088.2,5407.46,0.560701625,1,4,1998,2018,0,20,20
HKE1718SS3,2002,15,0.205929,0.2233335,0.802183888558582,0.01397614,0.002306086875795,7.93727,0,0,2800.35062705781,420976,10088.2,5407.46,0.560701625,1,4,1998,2018,0,20,20
HKE1718SS3,2002,16,0.201957,0.2176665,0.802183888558582,0.00308795,0.000498460854648,8.76398,0,0,2800.35062705781,420976,10088.2,5407.46,0.560701625,1,4,1998,2018,0,20,20
HKE1718SS3,2002,17,0.198727,0.212,0.802183888558582,0.000687574,0.000108761293932,9.58033,0,0,2800.35062705781,420976,10088.2,5407.46,0.560701625,1,4,1998,2018,0,20,20
HKE1718SS3,2002,18,0.1958885,0.2063335,0.802183888558582,0.000154906,2.4033946597766E-05,10.378,0,0,2800.35062705781,420976,10088.2,5407.46,0.560701625,1,4,1998,2018,0,20,20
HKE1718SS3,2002,19,0.195379,0.1961295,0.802183888558582,3.53778E-05,5.39489022498911E-06,11.1487,0,0,2800.35062705781,420976,10088.2,5407.46,0.560701625,1,4,1998,2018,0,20,20
HKE1718SS3,2002,20,0.195379,0.1961295,0.802183888558582,1.06968E-05,1.56353908714367E-06,14.164,0,0,2800.35062705781,420976,10088.2,5407.46,0.560701625,1,4,1998,2018,0,20,20
HKE1718SS3,2003,0,0.02333,1.34,8.31528027664132E-07,438366,5565.264206769,9.43444E-06,0,0,3174.3721112597,438366,11541.9,7125.85,0.699410625,1,4,1998,2018,0,20,20
HKE1718SS3,2003,1,0.3138625,0.655,0.000911051194401,104166.1,21010.7710862,0.0355354,0,0,3174.3721112597,438366,11541.9,7125.85,0.699410625,1,4,1998,2018,0,20,20
HKE1718SS3,2003,2,0.76131,0.56125,0.057324175898869,34296.1,14546.993552,0.13227,0,0,3174.3721112597,438366,11541.9,7125.85,0.699410625,1,4,1998,2018,0,20,20
HKE1718SS3,2003,3,0.902585,0.4675,0.197816111441418,9989.01,4911.69028,0.312104,0,0,3174.3721112597,438366,11541.9,7125.85,0.699410625,1,4,1998,2018,0,20,20
HKE1718SS3,2003,4,0.819885,0.37375,0.5,2128.268,1007.852283,0.583611,0,0,3174.3721112597,438366,11541.9,7125.85,0.699410625,1,4,1998,2018,0,20,20
HKE1718SS3,2003,5,0.6807725,0.28,0.5,744.245,314.424669,0.947785,0,0,3174.3721112597,438366,11541.9,7125.85,0.699410625,1,4,1998,2018,0,20,20
HKE1718SS3,2003,6,0.560459,0.2743335,0.802183888558582,379.566,135.819511,1.40048,0,0,3174.3721112597,438366,11541.9,7125.85,0.699410625,1,4,1998,2018,0,20,20
HKE1718SS3,2003,7,0.473363,0.2686665,0.802183888558582,262.8431,81.041997,1.9343,0,0,3174.3721112597,438366,11541.9,7125.85,0.699410625,1,4,1998,2018,0,20,20
HKE1718SS3,2003,8,0.413124,0.263,0.802183888558582,96.1704,26.3068748,2.53988,0,0,3174.3721112597,438366,11541.9,7125.85,0.699410625,1,4,1998,2018,0,20,20
HKE1718SS3,2003,9,0.371302,0.2573335,0.802183888558582,55.1338,13.82160904,3.20696,0,0,3174.3721112597,438366,11541.9,7125.85,0.699410625,1,4,1998,2018,0,20,20
HKE1718SS3,2003,10,0.3425325,0.2516665,0.802183888558582,28.26098,6.71480113,3.92498,0,0,3174.3721112597,438366,11541.9,7125.85,0.699410625,1,4,1998,2018,0,20,20
HKE1718SS3,2003,11,0.3216605,0.246,0.802183888558582,10.58861,2.4424752628,4.68355,0,0,3174.3721112597,438366,11541.9,7125.85,0.699410625,1,4,1998,2018,0,20,20
HKE1718SS3,2003,12,0.3060905,0.2403335,0.802183888558582,3.32402,0.75262147202,5.47293,0,0,3174.3721112597,438366,11541.9,7125.85,0.699410625,1,4,1998,2018,0,20,20
HKE1718SS3,2003,13,0.294138,0.2346665,0.802183888558582,0.742767,0.165248011616,6.2839,0,0,3174.3721112597,438366,11541.9,7125.85,0.699410625,1,4,1998,2018,0,20,20
HKE1718SS3,2003,14,0.2850335,0.229,0.802183888558582,0.179235,0.03913117329689,7.10797,0,0,3174.3721112597,438366,11541.9,7125.85,0.699410625,1,4,1998,2018,0,20,20
HKE1718SS3,2003,15,0.2775445,0.2233335,0.802183888558582,0.0409039,0.008744045227857,7.93727,0,0,3174.3721112597,438366,11541.9,7125.85,0.699410625,1,4,1998,2018,0,20,20
HKE1718SS3,2003,16,0.271502,0.2176665,0.802183888558582,0.00915503,0.001916384132301,8.76398,0,0,3174.3721112597,438366,11541.9,7125.85,0.699410625,1,4,1998,2018,0,20,20
HKE1718SS3,2003,17,0.266686,0.212,0.802183888558582,0.002048154,0.000420402062251,9.58033,0,0,3174.3721112597,438366,11541.9,7125.85,0.699410625,1,4,1998,2018,0,20,20
HKE1718SS3,2003,18,0.262534,0.2063335,0.802183888558582,0.000461664,9.30195777663781E-05,10.378,0,0,3174.3721112597,438366,11541.9,7125.85,0.699410625,1,4,1998,2018,0,20,20
HKE1718SS3,2003,19,0.260617,0.196104,0.802183888558582,0.000105271,2.08702164150816E-05,11.1487,0,0,3174.3721112597,438366,11541.9,7125.85,0.699410625,1,4,1998,2018,0,20,20
HKE1718SS3,2003,20,0.260617,0.196104,0.802183888558582,3.180062E-05,6.08772017557644E-06,14.164,0,0,3174.3721112597,438366,11541.9,7125.85,0.699410625,1,4,1998,2018,0,20,20
HKE1718SS3,2004,0,0.02158,1.34,8.31528027664132E-07,505760,5944.861454468,9.43444E-06,0,0,3128.78592658863,505760,12112.8,7112.79,0.654027375,1,4,1998,2018,0,20,20
HKE1718SS3,2004,1,0.2710545,0.655,0.000911051194401,112207.6,19897.907111,0.0355354,0,0,3128.78592658863,505760,12112.8,7112.79,0.654027375,1,4,1998,2018,0,20,20
HKE1718SS3,2004,2,0.70702,0.56125,0.057324175898869,39594.6,15932.808085,0.13227,0,0,3128.78592658863,505760,12112.8,7112.79,0.654027375,1,4,1998,2018,0,20,20
HKE1718SS3,2004,3,0.85706,0.4675,0.197816111441418,9130.75,4339.85845,0.312104,0,0,3128.78592658863,505760,12112.8,7112.79,0.654027375,1,4,1998,2018,0,20,20
HKE1718SS3,2004,4,0.780975,0.37375,0.5,2549,1167.6776,0.583611,0,0,3128.78592658863,505760,12112.8,7112.79,0.654027375,1,4,1998,2018,0,20,20
HKE1718SS3,2004,5,0.643958,0.28,0.5,658.284,266.180928,0.947785,0,0,3128.78592658863,505760,12112.8,7112.79,0.654027375,1,4,1998,2018,0,20,20
HKE1718SS3,2004,6,0.522123,0.2743335,0.802183888558582,296.5475,99.188168,1.40048,0,0,3128.78592658863,505760,12112.8,7112.79,0.654027375,1,4,1998,2018,0,20,20
HKE1718SS3,2004,7,0.4317315,0.2686665,0.802183888558582,173.6589,48.647517,1.9343,0,0,3128.78592658863,505760,12112.8,7112.79,0.654027375,1,4,1998,2018,0,20,20
HKE1718SS3,2004,8,0.367714,0.263,0.802183888558582,132.5661,31.8399928,2.53988,0,0,3128.78592658863,505760,12112.8,7112.79,0.654027375,1,4,1998,2018,0,20,20
HKE1718SS3,2004,9,0.3223205,0.2573335,0.802183888558582,51.8109,10.96172801,3.20696,0,0,3128.78592658863,505760,12112.8,7112.79,0.654027375,1,4,1998,2018,0,20,20
HKE1718SS3,2004,10,0.2904155,0.2516665,0.802183888558582,31.01014,5.97387885,3.92498,0,0,3128.78592658863,505760,12112.8,7112.79,0.654027375,1,4,1998,2018,0,20,20
HKE1718SS3,2004,11,0.266926,0.246,0.802183888558582,16.30259,2.960498086,4.68355,0,0,3128.78592658863,505760,12112.8,7112.79,0.654027375,1,4,1998,2018,0,20,20
HKE1718SS3,2004,12,0.249197,0.2403335,0.802183888558582,6.1959,1.0916068066,5.47293,0,0,3128.78592658863,505760,12112.8,7112.79,0.654027375,1,4,1998,2018,0,20,20
HKE1718SS3,2004,13,0.235467,0.2346665,0.802183888558582,1.964531,0.340062777076,6.2839,0,0,3128.78592658863,505760,12112.8,7112.79,0.654027375,1,4,1998,2018,0,20,20
HKE1718SS3,2004,14,0.224871,0.229,0.802183888558582,0.443541,0.0754435774646,7.10797,0,0,3128.78592658863,505760,12112.8,7112.79,0.654027375,1,4,1998,2018,0,20,20
HKE1718SS3,2004,15,0.2161515,0.2233335,0.802183888558582,0.108298,0.017987439618713,7.93727,0,0,3128.78592658863,505760,12112.8,7112.79,0.654027375,1,4,1998,2018,0,20,20
HKE1718SS3,2004,16,0.2090695,0.2176665,0.802183888558582,0.0250466,0.004044861623322,8.76398,0,0,3128.78592658863,505760,12112.8,7112.79,0.654027375,1,4,1998,2018,0,20,20
HKE1718SS3,2004,17,0.203365,0.212,0.802183888558582,0.00568386,0.000891015964227,9.58033,0,0,3128.78592658863,505760,12112.8,7112.79,0.654027375,1,4,1998,2018,0,20,20
HKE1718SS3,2004,18,0.198476,0.2063335,0.802183888558582,0.001289069,0.000195994045623,10.378,0,0,3128.78592658863,505760,12112.8,7112.79,0.654027375,1,4,1998,2018,0,20,20
HKE1718SS3,2004,19,0.19553,0.1960835,0.802183888558582,0.000294493,4.35036898102498E-05,11.1487,0,0,3128.78592658863,505760,12112.8,7112.79,0.654027375,1,4,1998,2018,0,20,20
HKE1718SS3,2004,20,0.19553,0.1960835,0.802183888558582,8.8937E-05,1.23087827937293E-05,14.164,0,0,3128.78592658863,505760,12112.8,7112.79,0.654027375,1,4,1998,2018,0,20,20
HKE1718SS3,2005,0,0.03185,1.34,8.31528027664132E-07,486534,8403.17273212,9.43444E-06,0,0,3278.73579319153,486534,13575.4,8613.37,0.694920125,1,4,1998,2018,0,20,20
HKE1718SS3,2005,1,0.3596655,0.655,0.000911051194401,129681.5,29381.068371,0.0355354,0,0,3278.73579319153,486534,13575.4,8613.37,0.694920125,1,4,1998,2018,0,20,20
HKE1718SS3,2005,2,0.75631,0.56125,0.057324175898869,44513.5,18774.12497,0.13227,0,0,3278.73579319153,486534,13575.4,8613.37,0.694920125,1,4,1998,2018,0,20,20
HKE1718SS3,2005,3,0.871455,0.4675,0.197816111441418,11129.6,5346.70636,0.312104,0,0,3278.73579319153,486534,13575.4,8613.37,0.694920125,1,4,1998,2018,0,20,20
HKE1718SS3,2005,4,0.79225,0.37375,0.5,2435.88,1129.44284,0.583611,0,0,3278.73579319153,486534,13575.4,8613.37,0.694920125,1,4,1998,2018,0,20,20
HKE1718SS3,2005,5,0.667571,0.28,0.5,819.108,342.763072,0.947785,0,0,3278.73579319153,486534,13575.4,8613.37,0.694920125,1,4,1998,2018,0,20,20
HKE1718SS3,2005,6,0.562779,0.2743335,0.802183888558582,272.3633,98.576145,1.40048,0,0,3278.73579319153,486534,13575.4,8613.37,0.694920125,1,4,1998,2018,0,20,20
HKE1718SS3,2005,7,0.4885405,0.2686665,0.802183888558582,141.6566,45.3967649,1.9343,0,0,3278.73579319153,486534,13575.4,8613.37,0.694920125,1,4,1998,2018,0,20,20
HKE1718SS3,2005,8,0.437906,0.263,0.802183888558582,91.8448,26.8216374,2.53988,0,0,3278.73579319153,486534,13575.4,8613.37,0.694920125,1,4,1998,2018,0,20,20
HKE1718SS3,2005,9,0.4028155,0.2573335,0.802183888558582,75.3049,20.46827552,3.20696,0,0,3278.73579319153,486534,13575.4,8613.37,0.694920125,1,4,1998,2018,0,20,20
HKE1718SS3,2005,10,0.3784935,0.2516665,0.802183888558582,30.95555,7.972675092,3.92498,0,0,3278.73579319153,486534,13575.4,8613.37,0.694920125,1,4,1998,2018,0,20,20
HKE1718SS3,2005,11,0.360451,0.246,0.802183888558582,19.16664,4.749973665,4.68355,0,0,3278.73579319153,486534,13575.4,8613.37,0.694920125,1,4,1998,2018,0,20,20
HKE1718SS3,2005,12,0.3466065,0.2403335,0.802183888558582,10.28651,2.4916447683,5.47293,0,0,3278.73579319153,486534,13575.4,8613.37,0.694920125,1,4,1998,2018,0,20,20
HKE1718SS3,2005,13,0.33566,0.2346665,0.802183888558582,3.95405,0.947711826526,6.2839,0,0,3278.73579319153,486534,13575.4,8613.37,0.694920125,1,4,1998,2018,0,20,20
HKE1718SS3,2005,14,0.3271055,0.229,0.802183888558582,1.263564,0.3014592510409,7.10797,0,0,3278.73579319153,486534,13575.4,8613.37,0.694920125,1,4,1998,2018,0,20,20
HKE1718SS3,2005,15,0.319882,0.2233335,0.802183888558582,0.287706,0.068236258737525,7.93727,0,0,3278.73579319153,486534,13575.4,8613.37,0.694920125,1,4,1998,2018,0,20,20
HKE1718SS3,2005,16,0.3139365,0.2176665,0.802183888558582,0.0710184,0.01669888534083,8.76398,0,0,3278.73579319153,486534,13575.4,8613.37,0.694920125,1,4,1998,2018,0,20,20
HKE1718SS3,2005,17,0.309118,0.212,0.802183888558582,0.01663369,0.003869232212574,9.58033,0,0,3278.73579319153,486534,13575.4,8613.37,0.694920125,1,4,1998,2018,0,20,20
HKE1718SS3,2005,18,0.3048965,0.2063335,0.802183888558582,0.00382576,0.000878888191783,10.378,0,0,3278.73579319153,486534,13575.4,8613.37,0.694920125,1,4,1998,2018,0,20,20
HKE1718SS3,2005,19,0.3027125,0.1960675,0.802183888558582,0.000879704,0.000199635585094,11.1487,0,0,3278.73579319153,486534,13575.4,8613.37,0.694920125,1,4,1998,2018,0,20,20
HKE1718SS3,2005,20,0.3027125,0.1960675,0.802183888558582,0.0002664686,5.85000058008563E-05,14.164,0,0,3278.73579319153,486534,13575.4,8613.37,0.694920125,1,4,1998,2018,0,20,20
HKE1718SS3,2006,0,0.058925,1.34,8.31528027664132E-07,525202,16597.9945983,9.43444E-06,0,0,3437.19199010265,525202,13972.8,10967.4,0.9041175,1,4,1998,2018,0,20,20
HKE1718SS3,2006,1,0.54011,0.655,0.000911051194401,123489.9,39004.249106,0.0355354,0,0,3437.19199010265,525202,13972.8,10967.4,0.9041175,1,4,1998,2018,0,20,20
HKE1718SS3,2006,2,0.976315,0.56125,0.057324175898869,47077.7,23530.23056,0.13227,0,0,3437.19199010265,525202,13972.8,10967.4,0.9041175,1,4,1998,2018,0,20,20
HKE1718SS3,2006,3,1.09066,0.4675,0.197816111441418,11917.63,6588.20524,0.312104,0,0,3437.19199010265,525202,13972.8,10967.4,0.9041175,1,4,1998,2018,0,20,20
HKE1718SS3,2006,4,1.009385,0.37375,0.5,2926.9,1591.74317,0.583611,0,0,3437.19199010265,525202,13972.8,10967.4,0.9041175,1,4,1998,2018,0,20,20
HKE1718SS3,2006,5,0.89145,0.28,0.5,771.407,398.949854,0.947785,0,0,3437.19199010265,525202,13972.8,10967.4,0.9041175,1,4,1998,2018,0,20,20
HKE1718SS3,2006,6,0.7959575,0.2743335,0.802183888558582,329.066,156.912596,1.40048,0,0,3437.19199010265,525202,13972.8,10967.4,0.9041175,1,4,1998,2018,0,20,20
HKE1718SS3,2006,7,0.729263,0.2686665,0.802183888558582,123.708,55.3234652,1.9343,0,0,3437.19199010265,525202,13972.8,10967.4,0.9041175,1,4,1998,2018,0,20,20
HKE1718SS3,2006,8,0.6833345,0.263,0.802183888558582,70.0243,29.7913129,2.53988,0,0,3437.19199010265,525202,13972.8,10967.4,0.9041175,1,4,1998,2018,0,20,20
HKE1718SS3,2006,9,0.6504105,0.2573335,0.802183888558582,48.06323,19.67377554,3.20696,0,0,3437.19199010265,525202,13972.8,10967.4,0.9041175,1,4,1998,2018,0,20,20
HKE1718SS3,2006,10,0.6266545,0.2516665,0.802183888558582,41.06455,16.31400492,3.92498,0,0,3437.19199010265,525202,13972.8,10967.4,0.9041175,1,4,1998,2018,0,20,20
HKE1718SS3,2006,11,0.608081,0.246,0.802183888558582,17.39919,6.753768523,4.68355,0,0,3437.19199010265,525202,13972.8,10967.4,0.9041175,1,4,1998,2018,0,20,20
HKE1718SS3,2006,12,0.593169,0.2403335,0.802183888558582,11.0111,4.2057084243,5.47293,0,0,3437.19199010265,525202,13972.8,10967.4,0.9041175,1,4,1998,2018,0,20,20
HKE1718SS3,2006,13,0.580964,0.2346665,0.802183888558582,5.99251,2.2687562142,6.2839,0,0,3437.19199010265,525202,13972.8,10967.4,0.9041175,1,4,1998,2018,0,20,20
HKE1718SS3,2006,14,0.5712815,0.229,0.802183888558582,2.321997,0.8768599673853,7.10797,0,0,3437.19199010265,525202,13972.8,10967.4,0.9041175,1,4,1998,2018,0,20,20
HKE1718SS3,2006,15,0.562916,0.2233335,0.802183888558582,0.746143,0.2816261903575,7.93727,0,0,3437.19199010265,525202,13972.8,10967.4,0.9041175,1,4,1998,2018,0,20,20
HKE1718SS3,2006,16,0.5559805,0.2176665,0.802183888558582,0.1710369,0.064496528202339,8.76398,0,0,3437.19199010265,525202,13972.8,10967.4,0.9041175,1,4,1998,2018,0,20,20
HKE1718SS3,2006,17,0.550373,0.212,0.802183888558582,0.0425915,0.016021928255756,9.58033,0,0,3437.19199010265,525202,13972.8,10967.4,0.9041175,1,4,1998,2018,0,20,20
HKE1718SS3,2006,18,0.545374,0.2063335,0.802183888558582,0.01008063,0.003776407361108,10.378,0,0,3437.19199010265,525202,13972.8,10967.4,0.9041175,1,4,1998,2018,0,20,20
HKE1718SS3,2006,19,0.542239,0.196055,0.802183888558582,0.002345808,0.000874867485192,11.1487,0,0,3437.19199010265,525202,13972.8,10967.4,0.9041175,1,4,1998,2018,0,20,20
HKE1718SS3,2006,20,0.542239,0.196055,0.802183888558582,0.000714451,0.000262130461342,14.164,0,0,3437.19199010265,525202,13972.8,10967.4,0.9041175,1,4,1998,2018,0,20,20
HKE1718SS3,2007,0,0.077005,1.34,8.31528027664132E-07,455366,18679.57147018,9.43444E-06,0,0,2849.21338454461,455366,12295.7,9138.26,0.8238975,1,4,1998,2018,0,20,20
HKE1718SS3,2007,1,0.519715,0.655,0.000911051194401,129777.8,39774.603919,0.0355354,0,0,2849.21338454461,455366,12295.7,9138.26,0.8238975,1,4,1998,2018,0,20,20
HKE1718SS3,2007,2,0.883735,0.56125,0.057324175898869,37422.2,17538.59797,0.13227,0,0,2849.21338454461,455366,12295.7,9138.26,0.8238975,1,4,1998,2018,0,20,20
HKE1718SS3,2007,3,0.98507,0.4675,0.197816111441418,10114.36,5255.90288,0.312104,0,0,2849.21338454461,455366,12295.7,9138.26,0.8238975,1,4,1998,2018,0,20,20
HKE1718SS3,2007,4,0.90707,0.37375,0.5,2518.38,1279.83931,0.583611,0,0,2849.21338454461,455366,12295.7,9138.26,0.8238975,1,4,1998,2018,0,20,20
HKE1718SS3,2007,5,0.7958105,0.28,0.5,745.34,357.393595,0.947785,0,0,2849.21338454461,455366,12295.7,9138.26,0.8238975,1,4,1998,2018,0,20,20
HKE1718SS3,2007,6,0.7078425,0.2743335,0.802183888558582,246.1193,108.374884,1.40048,0,0,2849.21338454461,455366,12295.7,9138.26,0.8238975,1,4,1998,2018,0,20,20
HKE1718SS3,2007,7,0.6483815,0.2686665,0.802183888558582,117.4388,48.4319197,1.9343,0,0,2849.21338454461,455366,12295.7,9138.26,0.8238975,1,4,1998,2018,0,20,20
HKE1718SS3,2007,8,0.608838,0.263,0.802183888558582,47.7615,18.76728244,2.53988,0,0,2849.21338454461,455366,12295.7,9138.26,0.8238975,1,4,1998,2018,0,20,20
HKE1718SS3,2007,9,0.5812275,0.2573335,0.802183888558582,28.62418,10.83530498,3.20696,0,0,2849.21338454461,455366,12295.7,9138.26,0.8238975,1,4,1998,2018,0,20,20
HKE1718SS3,2007,10,0.5616095,0.2516665,0.802183888558582,20.50234,7.543078006,3.92498,0,0,2849.21338454461,455366,12295.7,9138.26,0.8238975,1,4,1998,2018,0,20,20
HKE1718SS3,2007,11,0.5462325,0.246,0.802183888558582,18.10668,6.508311825,4.68355,0,0,2849.21338454461,455366,12295.7,9138.26,0.8238975,1,4,1998,2018,0,20,20
HKE1718SS3,2007,12,0.5337415,0.2403335,0.802183888558582,7.87655,2.7790530438,5.47293,0,0,2849.21338454461,455366,12295.7,9138.26,0.8238975,1,4,1998,2018,0,20,20
HKE1718SS3,2007,13,0.523354,0.2346665,0.802183888558582,5.082973,1.76940433622,6.2839,0,0,2849.21338454461,455366,12295.7,9138.26,0.8238975,1,4,1998,2018,0,20,20
HKE1718SS3,2007,14,0.5149855,0.229,0.802183888558582,2.801181,0.96801756034,7.10797,0,0,2849.21338454461,455366,12295.7,9138.26,0.8238975,1,4,1998,2018,0,20,20
HKE1718SS3,2007,15,0.507639,0.2233335,0.802183888558582,1.092716,0.37661640538259,7.93727,0,0,2849.21338454461,455366,12295.7,9138.26,0.8238975,1,4,1998,2018,0,20,20
HKE1718SS3,2007,16,0.501469,0.2176665,0.802183888558582,0.3528581,0.121607871833291,8.76398,0,0,2849.21338454461,455366,12295.7,9138.26,0.8238975,1,4,1998,2018,0,20,20
HKE1718SS3,2007,17,0.496419,0.212,0.802183888558582,0.0813667,0.028032485085303,9.58033,0,0,2849.21338454461,455366,12295.7,9138.26,0.8238975,1,4,1998,2018,0,20,20
HKE1718SS3,2007,18,0.4918795,0.2063335,0.802183888558582,0.02042847,0.007021818786505,10.378,0,0,2849.21338454461,455366,12295.7,9138.26,0.8238975,1,4,1998,2018,0,20,20
HKE1718SS3,2007,19,0.4891395,0.196044,0.802183888558582,0.00488585,0.001673650004589,11.1487,0,0,2849.21338454461,455366,12295.7,9138.26,0.8238975,1,4,1998,2018,0,20,20
HKE1718SS3,2007,20,0.4891395,0.196044,0.802183888558582,0.001507426,0.000507054940306,14.164,0,0,2849.21338454461,455366,12295.7,9138.26,0.8238975,1,4,1998,2018,0,20,20
HKE1718SS3,2008,0,0.077715,1.34,8.31528027664132E-07,424916,17584.604405522,9.43444E-06,0,0,2639.56422957881,424916,11548.1,8481.85,0.80291875,1,4,1998,2018,0,20,20
HKE1718SS3,2008,1,0.522755,0.655,0.000911051194401,110517.3,34030.2595832,0.0355354,0,0,2639.56422957881,424916,11548.1,8481.85,0.80291875,1,4,1998,2018,0,20,20
HKE1718SS3,2008,2,0.865705,0.56125,0.057324175898869,40154.8,18570.306585,0.13227,0,0,2639.56422957881,424916,11548.1,8481.85,0.80291875,1,4,1998,2018,0,20,20
HKE1718SS3,2008,3,0.952335,0.4675,0.197816111441418,8822.45,4487.71835,0.312104,0,0,2639.56422957881,424916,11548.1,8481.85,0.80291875,1,4,1998,2018,0,20,20
HKE1718SS3,2008,4,0.87088,0.37375,0.5,2374.89,1175.23879,0.583611,0,0,2639.56422957881,424916,11548.1,8481.85,0.80291875,1,4,1998,2018,0,20,20
HKE1718SS3,2008,5,0.7591155,0.28,0.5,710.42,329.38086,0.947785,0,0,2639.56422957881,424916,11548.1,8481.85,0.80291875,1,4,1998,2018,0,20,20
HKE1718SS3,2008,6,0.6703735,0.2743335,0.802183888558582,261.0327,110.360584,1.40048,0,0,2639.56422957881,424916,11548.1,8481.85,0.80291875,1,4,1998,2018,0,20,20
HKE1718SS3,2008,7,0.6098595,0.2686665,0.802183888558582,95.2838,37.5035272,1.9343,0,0,2639.56422957881,424916,11548.1,8481.85,0.80291875,1,4,1998,2018,0,20,20
HKE1718SS3,2008,8,0.569471,0.263,0.802183888558582,48.7653,18.170835,2.53988,0,0,2639.56422957881,424916,11548.1,8481.85,0.80291875,1,4,1998,2018,0,20,20
HKE1718SS3,2008,9,0.541515,0.2573335,0.802183888558582,20.83635,7.44978431,3.20696,0,0,2639.56422957881,424916,11548.1,8481.85,0.80291875,1,4,1998,2018,0,20,20
HKE1718SS3,2008,10,0.522041,0.2516665,0.802183888558582,12.96639,4.495067091,3.92498,0,0,2639.56422957881,424916,11548.1,8481.85,0.80291875,1,4,1998,2018,0,20,20
HKE1718SS3,2008,11,0.5072275,0.246,0.802183888558582,9.56084,3.238630224,4.68355,0,0,2639.56422957881,424916,11548.1,8481.85,0.80291875,1,4,1998,2018,0,20,20
HKE1718SS3,2008,12,0.4955685,0.2403335,0.802183888558582,8.65154,2.8792198784,5.47293,0,0,2639.56422957881,424916,11548.1,8481.85,0.80291875,1,4,1998,2018,0,20,20
HKE1718SS3,2008,13,0.4861465,0.2346665,0.802183888558582,3.84055,1.261441023996,6.2839,0,0,2639.56422957881,424916,11548.1,8481.85,0.80291875,1,4,1998,2018,0,20,20
HKE1718SS3,2008,14,0.4787615,0.229,0.802183888558582,2.518119,0.82033327106,7.10797,0,0,2639.56422957881,424916,11548.1,8481.85,0.80291875,1,4,1998,2018,0,20,20
HKE1718SS3,2008,15,0.4723895,0.2233335,0.802183888558582,1.402571,0.45515691533483,7.93727,0,0,2639.56422957881,424916,11548.1,8481.85,0.80291875,1,4,1998,2018,0,20,20
HKE1718SS3,2008,16,0.467129,0.2176665,0.802183888558582,0.550745,0.178750731970564,8.76398,0,0,2639.56422957881,424916,11548.1,8481.85,0.80291875,1,4,1998,2018,0,20,20
HKE1718SS3,2008,17,0.4629,0.212,0.802183888558582,0.1786773,0.058095174822653,9.58033,0,0,2639.56422957881,424916,11548.1,8481.85,0.80291875,1,4,1998,2018,0,20,20
HKE1718SS3,2008,18,0.4591145,0.2063335,0.802183888558582,0.0414275,0.013481438534411,10.378,0,0,2639.56422957881,424916,11548.1,8481.85,0.80291875,1,4,1998,2018,0,20,20
HKE1718SS3,2008,19,0.4574395,0.19603,0.802183888558582,0.01048189,0.003410195212298,11.1487,0,0,2639.56422957881,424916,11548.1,8481.85,0.80291875,1,4,1998,2018,0,20,20
HKE1718SS3,2008,20,0.4574395,0.19603,0.802183888558582,0.003326466,0.001069326561252,14.164,0,0,2639.56422957881,424916,11548.1,8481.85,0.80291875,1,4,1998,2018,0,20,20
HKE1718SS3,2009,0,0.09358,1.34,8.31528027664132E-07,371990,18420.798872343,9.43444E-06,0,0,2529.73362408096,371990,10768.7,8594.79,0.90981375,1,4,1998,2018,0,20,20
HKE1718SS3,2009,1,0.61384,0.655,0.000911051194401,103056.3,35921.7473888,0.0355354,0,0,2529.73362408096,371990,10768.7,8594.79,0.90981375,1,4,1998,2018,0,20,20
HKE1718SS3,2009,2,0.983195,0.56125,0.057324175898869,34094.9,17120.754457,0.13227,0,0,2529.73362408096,371990,10768.7,8594.79,0.90981375,1,4,1998,2018,0,20,20
HKE1718SS3,2009,3,1.06646,0.4675,0.197816111441418,9641.53,5258.22712,0.312104,0,0,2529.73362408096,371990,10768.7,8594.79,0.90981375,1,4,1998,2018,0,20,20
HKE1718SS3,2009,4,0.97576,0.37375,0.5,2141.363,1139.56859,0.583611,0,0,2529.73362408096,371990,10768.7,8594.79,0.90981375,1,4,1998,2018,0,20,20
HKE1718SS3,2009,5,0.855175,0.28,0.5,694.347,349.292913,0.947785,0,0,2529.73362408096,371990,10768.7,8594.79,0.90981375,1,4,1998,2018,0,20,20
HKE1718SS3,2009,6,0.758697,0.2743335,0.802183888558582,258.2251,119.244273,1.40048,0,0,2529.73362408096,371990,10768.7,8594.79,0.90981375,1,4,1998,2018,0,20,20
HKE1718SS3,2009,7,0.691558,0.2686665,0.802183888558582,104.8894,45.2775908,1.9343,0,0,2529.73362408096,371990,10768.7,8594.79,0.90981375,1,4,1998,2018,0,20,20
HKE1718SS3,2009,8,0.645467,0.263,0.802183888558582,41.0486,16.80568907,2.53988,0,0,2529.73362408096,371990,10768.7,8594.79,0.90981375,1,4,1998,2018,0,20,20
HKE1718SS3,2009,9,0.612596,0.2573335,0.802183888558582,22.10462,8.66606798,3.20696,0,0,2529.73362408096,371990,10768.7,8594.79,0.90981375,1,4,1998,2018,0,20,20
HKE1718SS3,2009,10,0.589011,0.2516665,0.802183888558582,9.80924,3.718243651,3.92498,0,0,2529.73362408096,371990,10768.7,8594.79,0.90981375,1,4,1998,2018,0,20,20
HKE1718SS3,2009,11,0.570697,0.246,0.802183888558582,6.284054,2.318732645,4.68355,0,0,2529.73362408096,371990,10768.7,8594.79,0.90981375,1,4,1998,2018,0,20,20
HKE1718SS3,2009,12,0.556072,0.2403335,0.802183888558582,4.740298,1.71360082608,5.47293,0,0,2529.73362408096,371990,10768.7,8594.79,0.90981375,1,4,1998,2018,0,20,20
HKE1718SS3,2009,13,0.5441405,0.2346665,0.802183888558582,4.3709,1.55483246351,6.2839,0,0,2529.73362408096,371990,10768.7,8594.79,0.90981375,1,4,1998,2018,0,20,20
HKE1718SS3,2009,14,0.534678,0.229,0.802183888558582,1.970725,0.69277474735,7.10797,0,0,2529.73362408096,371990,10768.7,8594.79,0.90981375,1,4,1998,2018,0,20,20
HKE1718SS3,2009,15,0.5265085,0.2233335,0.802183888558582,1.307604,0.4559492626562,7.93727,0,0,2529.73362408096,371990,10768.7,8594.79,0.90981375,1,4,1998,2018,0,20,20
HKE1718SS3,2009,16,0.5197245,0.2176665,0.802183888558582,0.7344072,0.255215466534108,8.76398,0,0,2529.73362408096,371990,10768.7,8594.79,0.90981375,1,4,1998,2018,0,20,20
HKE1718SS3,2009,17,0.514223,0.212,0.802183888558582,0.2898253,0.10076414870872,9.58033,0,0,2529.73362408096,371990,10768.7,8594.79,0.90981375,1,4,1998,2018,0,20,20
HKE1718SS3,2009,18,0.5093175,0.2063335,0.802183888558582,0.0943804,0.032872894611463,10.378,0,0,2529.73362408096,371990,10768.7,8594.79,0.90981375,1,4,1998,2018,0,20,20
HKE1718SS3,2009,19,0.505841,0.196,0.802183888558582,0.02198851,0.007670186678487,11.1487,0,0,2529.73362408096,371990,10768.7,8594.79,0.90981375,1,4,1998,2018,0,20,20
HKE1718SS3,2009,20,0.505841,0.196,0.802183888558582,0.00740158,0.002549546700404,14.164,0,0,2529.73362408096,371990,10768.7,8594.79,0.90981375,1,4,1998,2018,0,20,20
HKE1718SS3,2010,0,0.0997,1.34,8.31528027664132E-07,399088,21001.237647317,9.43444E-06,0,0,2184.93247651245,399088,9111.19,7661.55,0.95298,1,4,1998,2018,0,20,20
HKE1718SS3,2010,1,0.657145,0.655,0.000911051194401,88813.7,32580.430009,0.0355354,0,0,2184.93247651245,399088,9111.19,7661.55,0.95298,1,4,1998,2018,0,20,20
HKE1718SS3,2010,2,1.02213,0.56125,0.057324175898869,29021,14926.746568,0.13227,0,0,2184.93247651245,399088,9111.19,7661.55,0.95298,1,4,1998,2018,0,20,20
HKE1718SS3,2010,3,1.09995,0.4675,0.197816111441418,7278.78,4043.95579,0.312104,0,0,2184.93247651245,399088,9111.19,7661.55,0.95298,1,4,1998,2018,0,20,20
HKE1718SS3,2010,4,1.032695,0.37375,0.5,2089.917,1154.16786,0.583611,0,0,2184.93247651245,399088,9111.19,7661.55,0.95298,1,4,1998,2018,0,20,20
HKE1718SS3,2010,5,0.94978,0.28,0.5,564.676,306.303696,0.947785,0,0,2184.93247651245,399088,9111.19,7661.55,0.95298,1,4,1998,2018,0,20,20
HKE1718SS3,2010,6,0.8862515,0.2743335,0.802183888558582,229.6138,119.278679,1.40048,0,0,2184.93247651245,399088,9111.19,7661.55,0.95298,1,4,1998,2018,0,20,20
HKE1718SS3,2010,7,0.8418635,0.2686665,0.802183888558582,95.309,47.8313291,1.9343,0,0,2184.93247651245,399088,9111.19,7661.55,0.95298,1,4,1998,2018,0,20,20
HKE1718SS3,2010,8,0.8096335,0.263,0.802183888558582,41.7919,20.37437293,2.53988,0,0,2184.93247651245,399088,9111.19,7661.55,0.95298,1,4,1998,2018,0,20,20
HKE1718SS3,2010,9,0.7843845,0.2573335,0.802183888558582,17.30139,8.22201408,3.20696,0,0,2184.93247651245,399088,9111.19,7661.55,0.95298,1,4,1998,2018,0,20,20
HKE1718SS3,2010,10,0.764488,0.2516665,0.802183888558582,9.74321,4.527704828,3.92498,0,0,2184.93247651245,399088,9111.19,7661.55,0.95298,1,4,1998,2018,0,20,20
HKE1718SS3,2010,11,0.7475635,0.246,0.802183888558582,4.476625,2.0414872342,4.68355,0,0,2184.93247651245,399088,9111.19,7661.55,0.95298,1,4,1998,2018,0,20,20
HKE1718SS3,2010,12,0.733104,0.2403335,0.802183888558582,2.949971,1.32494705081,5.47293,0,0,2184.93247651245,399088,9111.19,7661.55,0.95298,1,4,1998,2018,0,20,20
HKE1718SS3,2010,13,0.720753,0.2346665,0.802183888558582,2.275936,1.010435909891,6.2839,0,0,2184.93247651245,399088,9111.19,7661.55,0.95298,1,4,1998,2018,0,20,20
HKE1718SS3,2010,14,0.7107185,0.229,0.802183888558582,2.138695,0.941314641475,7.10797,0,0,2184.93247651245,399088,9111.19,7661.55,0.95298,1,4,1998,2018,0,20,20
HKE1718SS3,2010,15,0.701864,0.2233335,0.802183888558582,0.9794694,0.42823415633838,7.93727,0,0,2184.93247651245,399088,9111.19,7661.55,0.95298,1,4,1998,2018,0,20,20
HKE1718SS3,2010,16,0.6944375,0.2176665,0.802183888558582,0.6580688,0.286589270557822,8.76398,0,0,2184.93247651245,399088,9111.19,7661.55,0.95298,1,4,1998,2018,0,20,20
HKE1718SS3,2010,17,0.688402,0.212,0.802183888558582,0.372747,0.162151070098224,9.58033,0,0,2184.93247651245,399088,9111.19,7661.55,0.95298,1,4,1998,2018,0,20,20
HKE1718SS3,2010,18,0.6829585,0.2063335,0.802183888558582,0.1478518,0.064384966676511,10.378,0,0,2184.93247651245,399088,9111.19,7661.55,0.95298,1,4,1998,2018,0,20,20
HKE1718SS3,2010,19,0.678772,0.1960905,0.802183888558582,0.0483364,0.021099417932161,11.1487,0,0,2184.93247651245,399088,9111.19,7661.55,0.95298,1,4,1998,2018,0,20,20
HKE1718SS3,2010,20,0.678772,0.1960905,0.802183888558582,0.01517586,0.006579346132846,14.164,0,0,2184.93247651245,399088,9111.19,7661.55,0.95298,1,4,1998,2018,0,20,20
HKE1718SS3,2011,0,0.097035,1.34,8.31528027664132E-07,402536,20641.55918571,9.43444E-06,0,0,1717.42228603595,402536,8028.58,6569.34,0.87842625,1,4,1998,2018,0,20,20
HKE1718SS3,2011,1,0.614315,0.655,0.000911051194401,94710.5,33036.4684,0.0355354,0,0,1717.42228603595,402536,8028.58,6569.34,0.87842625,1,4,1998,2018,0,20,20
HKE1718SS3,2011,2,0.933115,0.56125,0.057324175898869,23950.8,11630.882463,0.13227,0,0,1717.42228603595,402536,8028.58,6569.34,0.87842625,1,4,1998,2018,0,20,20
HKE1718SS3,2011,3,1.00235,0.4675,0.197816111441418,5960.17,3131.69503,0.312104,0,0,1717.42228603595,402536,8028.58,6569.34,0.87842625,1,4,1998,2018,0,20,20
HKE1718SS3,2011,4,0.963925,0.37375,0.5,1525.376,809.34845,0.583611,0,0,1717.42228603595,402536,8028.58,6569.34,0.87842625,1,4,1998,2018,0,20,20
HKE1718SS3,2011,5,0.921495,0.28,0.5,519.083,277.887498,0.947785,0,0,1717.42228603595,402536,8028.58,6569.34,0.87842625,1,4,1998,2018,0,20,20
HKE1718SS3,2011,6,0.8922865,0.2743335,0.802183888558582,168.2967,88.5611509,1.40048,0,0,1717.42228603595,402536,8028.58,6569.34,0.87842625,1,4,1998,2018,0,20,20
HKE1718SS3,2011,7,0.8718985,0.2686665,0.802183888558582,73.6425,38.1811473,1.9343,0,0,1717.42228603595,402536,8028.58,6569.34,0.87842625,1,4,1998,2018,0,20,20
HKE1718SS3,2011,8,0.85506,0.263,0.802183888558582,32.33429,16.4945892,2.53988,0,0,1717.42228603595,402536,8028.58,6569.34,0.87842625,1,4,1998,2018,0,20,20
HKE1718SS3,2011,9,0.8391915,0.2573335,0.802183888558582,14.83943,7.44221678,3.20696,0,0,1717.42228603595,402536,8028.58,6569.34,0.87842625,1,4,1998,2018,0,20,20
HKE1718SS3,2011,10,0.8246955,0.2516665,0.802183888558582,6.3907,3.15347855,3.92498,0,0,1717.42228603595,402536,8028.58,6569.34,0.87842625,1,4,1998,2018,0,20,20
HKE1718SS3,2011,11,0.8107925,0.246,0.802183888558582,3.72639,1.8105633143,4.68355,0,0,1717.42228603595,402536,8028.58,6569.34,0.87842625,1,4,1998,2018,0,20,20
HKE1718SS3,2011,12,0.797951,0.2403335,0.802183888558582,1.763581,0.84568379702,5.47293,0,0,1717.42228603595,402536,8028.58,6569.34,0.87842625,1,4,1998,2018,0,20,20
HKE1718SS3,2011,13,0.7864215,0.2346665,0.802183888558582,1.191489,0.565231805505,6.2839,0,0,1717.42228603595,402536,8028.58,6569.34,0.87842625,1,4,1998,2018,0,20,20
HKE1718SS3,2011,14,0.7767645,0.229,0.802183888558582,0.9381945,0.4415557556855,7.10797,0,0,1717.42228603595,402536,8028.58,6569.34,0.87842625,1,4,1998,2018,0,20,20
HKE1718SS3,2011,15,0.7680335,0.2233335,0.802183888558582,0.8968947,0.41940908450896,7.93727,0,0,1717.42228603595,402536,8028.58,6569.34,0.87842625,1,4,1998,2018,0,20,20
HKE1718SS3,2011,16,0.760608,0.2176665,0.802183888558582,0.4169077,0.194070062390362,8.76398,0,0,1717.42228603595,402536,8028.58,6569.34,0.87842625,1,4,1998,2018,0,20,20
HKE1718SS3,2011,17,0.7545095,0.212,0.802183888558582,0.2833899,0.131564507105577,9.58033,0,0,1717.42228603595,402536,8028.58,6569.34,0.87842625,1,4,1998,2018,0,20,20
HKE1718SS3,2011,18,0.748952,0.2063335,0.802183888558582,0.1618252,0.07506945538961,10.378,0,0,1717.42228603595,402536,8028.58,6569.34,0.87842625,1,4,1998,2018,0,20,20
HKE1718SS3,2011,19,0.743286,0.195955,0.802183888558582,0.064521,0.02997304829338,11.1487,0,0,1717.42228603595,402536,8028.58,6569.34,0.87842625,1,4,1998,2018,0,20,20
HKE1718SS3,2011,20,0.743286,0.195955,0.802183888558582,0.02789553,0.012881004070953,14.164,0,0,1717.42228603595,402536,8028.58,6569.34,0.87842625,1,4,1998,2018,0,20,20
HKE1718SS3,2012,0,0.073445,1.34,8.31528027664132E-07,405640,15889.82649326,9.43444E-06,0,0,1511.31810670856,405640,7957.51,6666.21,0.92482375,1,4,1998,2018,0,20,20
HKE1718SS3,2012,1,0.53965,0.655,0.000911051194401,95778.4,30246.864774,0.0355354,0,0,1511.31810670856,405640,7957.51,6666.21,0.92482375,1,4,1998,2018,0,20,20
HKE1718SS3,2012,2,0.958295,0.56125,0.057324175898869,26663.8,13181.15618,0.13227,0,0,1511.31810670856,405640,7957.51,6666.21,0.92482375,1,4,1998,2018,0,20,20
HKE1718SS3,2012,3,1.10232,0.4675,0.197816111441418,5379.15,2995.51021,0.312104,0,0,1511.31810670856,405640,7957.51,6666.21,0.92482375,1,4,1998,2018,0,20,20
HKE1718SS3,2012,4,1.09903,0.37375,0.5,1376.246,791.51512,0.583611,0,0,1511.31810670856,405640,7957.51,6666.21,0.92482375,1,4,1998,2018,0,20,20
HKE1718SS3,2012,5,1.08564,0.28,0.5,403.927,239.563851,0.947785,0,0,1511.31810670856,405640,7957.51,6666.21,0.92482375,1,4,1998,2018,0,20,20
HKE1718SS3,2012,6,1.0842265,0.2743335,0.802183888558582,157.6335,93.8899851,1.40048,0,0,1511.31810670856,405640,7957.51,6666.21,0.92482375,1,4,1998,2018,0,20,20
HKE1718SS3,2012,7,1.0876585,0.2686665,0.802183888558582,52.9707,31.6886045,1.9343,0,0,1511.31810670856,405640,7957.51,6666.21,0.92482375,1,4,1998,2018,0,20,20
HKE1718SS3,2012,8,1.08928,0.263,0.802183888558582,23.9299,14.32352521,2.53988,0,0,1511.31810670856,405640,7957.51,6666.21,0.92482375,1,4,1998,2018,0,20,20
HKE1718SS3,2012,9,1.0865565,0.2573335,0.802183888558582,10.85867,6.475224248,3.20696,0,0,1511.31810670856,405640,7957.51,6666.21,0.92482375,1,4,1998,2018,0,20,20
HKE1718SS3,2012,10,1.0809435,0.2516665,0.802183888558582,5.14761,3.051468523,3.92498,0,0,1511.31810670856,405640,7957.51,6666.21,0.92482375,1,4,1998,2018,0,20,20
HKE1718SS3,2012,11,1.072665,0.246,0.802183888558582,2.285316,1.3453308385,4.68355,0,0,1511.31810670856,405640,7957.51,6666.21,0.92482375,1,4,1998,2018,0,20,20
HKE1718SS3,2012,12,1.0632115,0.2403335,0.802183888558582,1.371682,0.80178442524,5.47293,0,0,1511.31810670856,405640,7957.51,6666.21,0.92482375,1,4,1998,2018,0,20,20
HKE1718SS3,2012,13,1.0535935,0.2346665,0.802183888558582,0.6657505,0.386694758951,6.2839,0,0,1511.31810670856,405640,7957.51,6666.21,0.92482375,1,4,1998,2018,0,20,20
HKE1718SS3,2012,14,1.04503,0.229,0.802183888558582,0.4596821,0.2656459971988,7.10797,0,0,1511.31810670856,405640,7957.51,6666.21,0.92482375,1,4,1998,2018,0,20,20
HKE1718SS3,2012,15,1.0367215,0.2233335,0.802183888558582,0.3685048,0.21206743191932,7.93727,0,0,1511.31810670856,405640,7957.51,6666.21,0.92482375,1,4,1998,2018,0,20,20
HKE1718SS3,2012,16,1.0293985,0.2176665,0.802183888558582,0.3579593,0.2053576744963,8.76398,0,0,1511.31810670856,405640,7957.51,6666.21,0.92482375,1,4,1998,2018,0,20,20
HKE1718SS3,2012,17,1.023255,0.212,0.802183888558582,0.1686784,0.096551711638863,9.58033,0,0,1511.31810670856,405640,7957.51,6666.21,0.92482375,1,4,1998,2018,0,20,20
HKE1718SS3,2012,18,1.0174315,0.2063335,0.802183888558582,0.1159406,0.066269765846478,10.378,0,0,1511.31810670856,405640,7957.51,6666.21,0.92482375,1,4,1998,2018,0,20,20
HKE1718SS3,2012,19,1.009798,0.195832,0.802183888558582,0.06675398,0.038156286806068,11.1487,0,0,1511.31810670856,405640,7957.51,6666.21,0.92482375,1,4,1998,2018,0,20,20
HKE1718SS3,2012,20,1.009798,0.195832,0.802183888558582,0.03845284,0.02184726078251,14.164,0,0,1511.31810670856,405640,7957.51,6666.21,0.92482375,1,4,1998,2018,0,20,20
HKE1718SS3,2013,0,0.068245,1.34,8.31528027664132E-07,327360,11940.79174984,9.43444E-06,0,0,1308.53939199486,327360,8071.05,6794.25,0.95904,1,4,1998,2018,0,20,20
HKE1718SS3,2013,1,0.525515,0.655,0.000911051194401,98799.8,30554.682163,0.0355354,0,0,1308.53939199486,327360,8071.05,6794.25,0.95904,1,4,1998,2018,0,20,20
HKE1718SS3,2013,2,1.013835,0.56125,0.057324175898869,29051.5,14880.45888,0.13227,0,0,1308.53939199486,327360,8071.05,6794.25,0.95904,1,4,1998,2018,0,20,20
HKE1718SS3,2013,3,1.185735,0.4675,0.197816111441418,5831.44,3384.49449,0.312104,0,0,1308.53939199486,327360,8071.05,6794.25,0.95904,1,4,1998,2018,0,20,20
HKE1718SS3,2013,4,1.111075,0.37375,0.5,1122.364,645.96039,0.583611,0,0,1308.53939199486,327360,8071.05,6794.25,0.95904,1,4,1998,2018,0,20,20
HKE1718SS3,2013,5,0.982355,0.28,0.5,317.543,174.924335,0.947785,0,0,1308.53939199486,327360,8071.05,6794.25,0.95904,1,4,1998,2018,0,20,20
HKE1718SS3,2013,6,0.8763815,0.2743335,0.802183888558582,103.4313,53.0458021,1.40048,0,0,1308.53939199486,327360,8071.05,6794.25,0.95904,1,4,1998,2018,0,20,20
HKE1718SS3,2013,7,0.802382,0.2686665,0.802183888558582,40.5244,19.6232247,1.9343,0,0,1308.53939199486,327360,8071.05,6794.25,0.95904,1,4,1998,2018,0,20,20
HKE1718SS3,2013,8,0.750942,0.263,0.802183888558582,13.67622,6.31692121,2.53988,0,0,1308.53939199486,327360,8071.05,6794.25,0.95904,1,4,1998,2018,0,20,20
HKE1718SS3,2013,9,0.712849,0.2573335,0.802183888558582,6.25572,2.769393003,3.20696,0,0,1308.53939199486,327360,8071.05,6794.25,0.95904,1,4,1998,2018,0,20,20
HKE1718SS3,2013,10,0.6837355,0.2516665,0.802183888558582,2.898165,1.233923074,3.92498,0,0,1308.53939199486,327360,8071.05,6794.25,0.95904,1,4,1998,2018,0,20,20
HKE1718SS3,2013,11,0.6593975,0.246,0.802183888558582,1.406986,0.577772142,4.68355,0,0,1308.53939199486,327360,8071.05,6794.25,0.95904,1,4,1998,2018,0,20,20
HKE1718SS3,2013,12,0.6384825,0.2403335,0.802183888558582,0.640503,0.2541629572,5.47293,0,0,1308.53939199486,327360,8071.05,6794.25,0.95904,1,4,1998,2018,0,20,20
HKE1718SS3,2013,13,0.6202685,0.2346665,0.802183888558582,0.3941789,0.151317716271,6.2839,0,0,1308.53939199486,327360,8071.05,6794.25,0.95904,1,4,1998,2018,0,20,20
HKE1718SS3,2013,14,0.604813,0.229,0.802183888558582,0.1957211,0.072937021591,7.10797,0,0,1308.53939199486,327360,8071.05,6794.25,0.95904,1,4,1998,2018,0,20,20
HKE1718SS3,2013,15,0.5909715,0.2233335,0.802183888558582,0.137868,0.05000952265496,7.93727,0,0,1308.53939199486,327360,8071.05,6794.25,0.95904,1,4,1998,2018,0,20,20
HKE1718SS3,2013,16,0.578986,0.2176665,0.802183888558582,0.1125002,0.039882095422348,8.76398,0,0,1308.53939199486,327360,8071.05,6794.25,0.95904,1,4,1998,2018,0,20,20
HKE1718SS3,2013,17,0.568798,0.212,0.802183888558582,0.111005,0.038568026228629,9.58033,0,0,1308.53939199486,327360,8071.05,6794.25,0.95904,1,4,1998,2018,0,20,20
HKE1718SS3,2013,18,0.559648,0.2063335,0.802183888558582,0.05304018,0.018110455876044,10.378,0,0,1308.53939199486,327360,8071.05,6794.25,0.95904,1,4,1998,2018,0,20,20
HKE1718SS3,2013,19,0.542623,0.195675,0.802183888558582,0.03689501,0.012435174507967,11.1487,0,0,1308.53939199486,327360,8071.05,6794.25,0.95904,1,4,1998,2018,0,20,20
HKE1718SS3,2013,20,0.542623,0.195675,0.802183888558582,0.03397512,0.010956848337367,14.164,0,0,1308.53939199486,327360,8071.05,6794.25,0.95904,1,4,1998,2018,0,20,20
HKE1718SS3,2014,0,0.051155,1.34,8.31528027664132E-07,325876,8971.64947823,9.43444E-06,0,0,1271.84251802984,325876,7633.11,5640.94,0.78843,1,4,1998,2018,0,20,20
HKE1718SS3,2014,1,0.4065,0.655,0.000911051194401,80144.7,20131.747536,0.0355354,0,0,1271.84251802984,325876,7633.11,5640.94,0.78843,1,4,1998,2018,0,20,20
HKE1718SS3,2014,2,0.81596,0.56125,0.057324175898869,30389,13513.99678,0.13227,0,0,1271.84251802984,325876,7633.11,5640.94,0.78843,1,4,1998,2018,0,20,20
HKE1718SS3,2014,3,0.977585,0.4675,0.197816111441418,6005.64,3108.34401,0.312104,0,0,1271.84251802984,325876,7633.11,5640.94,0.78843,1,4,1998,2018,0,20,20
HKE1718SS3,2014,4,0.953675,0.37375,0.5,1120.09,589.8597,0.583611,0,0,1271.84251802984,325876,7633.11,5640.94,0.78843,1,4,1998,2018,0,20,20
HKE1718SS3,2014,5,0.896815,0.28,0.5,258.954,135.782121,0.947785,0,0,1271.84251802984,325876,7633.11,5640.94,0.78843,1,4,1998,2018,0,20,20
HKE1718SS3,2014,6,0.8543815,0.2743335,0.802183888558582,92.385,47.148578,1.40048,0,0,1271.84251802984,325876,7633.11,5640.94,0.78843,1,4,1998,2018,0,20,20
HKE1718SS3,2014,7,0.8275285,0.2686665,0.802183888558582,33.6569,16.8719309,1.9343,0,0,1271.84251802984,325876,7633.11,5640.94,0.78843,1,4,1998,2018,0,20,20
HKE1718SS3,2014,8,0.808845,0.263,0.802183888558582,14.29171,7.05695017,2.53988,0,0,1271.84251802984,325876,7633.11,5640.94,0.78843,1,4,1998,2018,0,20,20
HKE1718SS3,2014,9,0.7930155,0.2573335,0.802183888558582,5.13309,2.49477896,3.20696,0,0,1271.84251802984,325876,7633.11,5640.94,0.78843,1,4,1998,2018,0,20,20
HKE1718SS3,2014,10,0.7788155,0.2516665,0.802183888558582,2.477028,1.182871806,3.92498,0,0,1271.84251802984,325876,7633.11,5640.94,0.78843,1,4,1998,2018,0,20,20
HKE1718SS3,2014,11,0.7647375,0.246,0.802183888558582,1.202663,0.5632644339,4.68355,0,0,1271.84251802984,325876,7633.11,5640.94,0.78843,1,4,1998,2018,0,20,20
HKE1718SS3,2014,12,0.7511095,0.2403335,0.802183888558582,0.608322,0.27952228148,5.47293,0,0,1271.84251802984,325876,7633.11,5640.94,0.78843,1,4,1998,2018,0,20,20
HKE1718SS3,2014,13,0.7382785,0.2346665,0.802183888558582,0.2873905,0.12966028902,6.2839,0,0,1271.84251802984,325876,7633.11,5640.94,0.78843,1,4,1998,2018,0,20,20
HKE1718SS3,2014,14,0.726956,0.229,0.802183888558582,0.1830645,0.0811900448337,7.10797,0,0,1271.84251802984,325876,7633.11,5640.94,0.78843,1,4,1998,2018,0,20,20
HKE1718SS3,2014,15,0.7164095,0.2233335,0.802183888558582,0.0936697,0.04090768298986,7.93727,0,0,1271.84251802984,325876,7633.11,5640.94,0.78843,1,4,1998,2018,0,20,20
HKE1718SS3,2014,16,0.707126,0.2176665,0.802183888558582,0.06777503,0.029212552742891,8.76398,0,0,1271.84251802984,325876,7633.11,5640.94,0.78843,1,4,1998,2018,0,20,20
HKE1718SS3,2014,17,0.6992,0.212,0.802183888558582,0.05658923,0.02412765499323,9.58033,0,0,1271.84251802984,325876,7633.11,5640.94,0.78843,1,4,1998,2018,0,20,20
HKE1718SS3,2014,18,0.6919385,0.2063335,0.802183888558582,0.05699252,0.024071907768592,10.378,0,0,1271.84251802984,325876,7633.11,5640.94,0.78843,1,4,1998,2018,0,20,20
HKE1718SS3,2014,19,0.676875,0.195604,0.802183888558582,0.02773256,0.011627021202985,11.1487,0,0,1271.84251802984,325876,7633.11,5640.94,0.78843,1,4,1998,2018,0,20,20
HKE1718SS3,2014,20,0.676875,0.195604,0.802183888558582,0.03817304,0.015579625622842,14.164,0,0,1271.84251802984,325876,7633.11,5640.94,0.78843,1,4,1998,2018,0,20,20
HKE1718SS3,2015,0,0.050315,1.34,8.31528027664132E-07,497880,13487.09191403,9.43444E-06,0,0,1431.22332892628,497880,7894.3,5866.31,0.78271375,1,4,1998,2018,0,20,20
HKE1718SS3,2015,1,0.39826,0.655,0.000911051194401,81143.1,20033.937341,0.0355354,0,0,1431.22332892628,497880,7894.3,5866.31,0.78271375,1,4,1998,2018,0,20,20
HKE1718SS3,2015,2,0.79878,0.56125,0.057324175898869,27773.3,12174.41928,0.13227,0,0,1431.22332892628,497880,7894.3,5866.31,0.78271375,1,4,1998,2018,0,20,20
HKE1718SS3,2015,3,0.965055,0.4675,0.197816111441418,7660.84,3934.11802,0.312104,0,0,1431.22332892628,497880,7894.3,5866.31,0.78271375,1,4,1998,2018,0,20,20
HKE1718SS3,2015,4,0.96876,0.37375,0.5,1418.449,755.96742,0.583611,0,0,1431.22332892628,497880,7894.3,5866.31,0.78271375,1,4,1998,2018,0,20,20
HKE1718SS3,2015,5,0.951765,0.28,0.5,299.897,164.269447,0.947785,0,0,1431.22332892628,497880,7894.3,5866.31,0.78271375,1,4,1998,2018,0,20,20
HKE1718SS3,2015,6,0.9460065,0.2743335,0.802183888558582,81.0456,44.5037316,1.40048,0,0,1431.22332892628,497880,7894.3,5866.31,0.78271375,1,4,1998,2018,0,20,20
HKE1718SS3,2015,7,0.9471385,0.2686665,0.802183888558582,30.2991,16.69938315,1.9343,0,0,1431.22332892628,497880,7894.3,5866.31,0.78271375,1,4,1998,2018,0,20,20
HKE1718SS3,2015,8,0.94826,0.263,0.802183888558582,11.3978,6.28360425,2.53988,0,0,1431.22332892628,497880,7894.3,5866.31,0.78271375,1,4,1998,2018,0,20,20
HKE1718SS3,2015,9,0.9459865,0.2573335,0.802183888558582,4.97825,2.735957058,3.20696,0,0,1431.22332892628,497880,7894.3,5866.31,0.78271375,1,4,1998,2018,0,20,20
HKE1718SS3,2015,10,0.9410085,0.2516665,0.802183888558582,1.841263,1.0059519253,3.92498,0,0,1431.22332892628,497880,7894.3,5866.31,0.78271375,1,4,1998,2018,0,20,20
HKE1718SS3,2015,11,0.933305,0.246,0.802183888558582,0.916893,0.4965865545,4.68355,0,0,1431.22332892628,497880,7894.3,5866.31,0.78271375,1,4,1998,2018,0,20,20
HKE1718SS3,2015,12,0.9242365,0.2403335,0.802183888558582,0.4598746,0.2465951247,5.47293,0,0,1431.22332892628,497880,7894.3,5866.31,0.78271375,1,4,1998,2018,0,20,20
HKE1718SS3,2015,13,0.9148085,0.2346665,0.802183888558582,0.2397819,0.127351392593,6.2839,0,0,1431.22332892628,497880,7894.3,5866.31,0.78271375,1,4,1998,2018,0,20,20
HKE1718SS3,2015,14,0.906185,0.229,0.802183888558582,0.1165385,0.0613692915877,7.10797,0,0,1431.22332892628,497880,7894.3,5866.31,0.78271375,1,4,1998,2018,0,20,20
HKE1718SS3,2015,15,0.8977865,0.2233335,0.802183888558582,0.07621711,0.03981551970975,7.93727,0,0,1431.22332892628,497880,7894.3,5866.31,0.78271375,1,4,1998,2018,0,20,20
HKE1718SS3,2015,16,0.8902985,0.2176665,0.802183888558582,0.03993403,0.020726306460213,8.76398,0,0,1431.22332892628,497880,7894.3,5866.31,0.78271375,1,4,1998,2018,0,20,20
HKE1718SS3,2015,17,0.883915,0.212,0.802183888558582,0.02950363,0.015232092966886,9.58033,0,0,1431.22332892628,497880,7894.3,5866.31,0.78271375,1,4,1998,2018,0,20,20
HKE1718SS3,2015,18,0.877907,0.2063335,0.802183888558582,0.02508648,0.012896528962292,10.378,0,0,1431.22332892628,497880,7894.3,5866.31,0.78271375,1,4,1998,2018,0,20,20
HKE1718SS3,2015,19,0.8666475,0.195851,0.802183888558582,0.02568736,0.013164418817944,11.1487,0,0,1431.22332892628,497880,7894.3,5866.31,0.78271375,1,4,1998,2018,0,20,20
HKE1718SS3,2015,20,0.8666475,0.195851,0.802183888558582,0.03065391,0.015482527920673,14.164,0,0,1431.22332892628,497880,7894.3,5866.31,0.78271375,1,4,1998,2018,0,20,20
HKE1718SS3,2016,0,0.039365,1.34,8.31528027664132E-07,389702,8295.16246731,9.43444E-06,0,0,1543.07858555795,389702,9266.78,5622.72,0.615625375,1,4,1998,2018,0,20,20
HKE1718SS3,2016,1,0.3079365,0.655,0.000911051194401,124075.2,24599.199753,0.0355354,0,0,1543.07858555795,389702,9266.78,5622.72,0.615625375,1,4,1998,2018,0,20,20
HKE1718SS3,2016,2,0.608765,0.56125,0.057324175898869,28349.5,10217.20002,0.13227,0,0,1543.07858555795,389702,9266.78,5622.72,0.615625375,1,4,1998,2018,0,20,20
HKE1718SS3,2016,3,0.746995,0.4675,0.197816111441418,7122.92,3086.92078,0.312104,0,0,1543.07858555795,389702,9266.78,5622.72,0.615625375,1,4,1998,2018,0,20,20
HKE1718SS3,2016,4,0.798805,0.37375,0.5,1831.465,863.60671,0.583611,0,0,1543.07858555795,389702,9266.78,5622.72,0.615625375,1,4,1998,2018,0,20,20
HKE1718SS3,2016,5,0.854175,0.28,0.5,372.328,191.356119,0.947785,0,0,1543.07858555795,389702,9266.78,5622.72,0.615625375,1,4,1998,2018,0,20,20
HKE1718SS3,2016,6,0.9098515,0.2743335,0.802183888558582,87.9016,47.3703104,1.40048,0,0,1543.07858555795,389702,9266.78,5622.72,0.615625375,1,4,1998,2018,0,20,20
HKE1718SS3,2016,7,0.9530485,0.2686665,0.802183888558582,23.95753,13.3469533,1.9343,0,0,1543.07858555795,389702,9266.78,5622.72,0.615625375,1,4,1998,2018,0,20,20
HKE1718SS3,2016,8,0.980005,0.263,0.802183888558582,9.0031,5.094719725,2.53988,0,0,1543.07858555795,389702,9266.78,5622.72,0.615625375,1,4,1998,2018,0,20,20
HKE1718SS3,2016,9,0.9921915,0.2573335,0.802183888558582,3.4197,1.942744129,3.20696,0,0,1543.07858555795,389702,9266.78,5622.72,0.615625375,1,4,1998,2018,0,20,20
HKE1718SS3,2016,10,0.9941135,0.2516665,0.802183888558582,1.517158,0.8594828853,3.92498,0,0,1543.07858555795,389702,9266.78,5622.72,0.615625375,1,4,1998,2018,0,20,20
HKE1718SS3,2016,11,0.988905,0.246,0.802183888558582,0.572951,0.32202770365,4.68355,0,0,1543.07858555795,389702,9266.78,5622.72,0.615625375,1,4,1998,2018,0,20,20
HKE1718SS3,2016,12,0.9798915,0.2403335,0.802183888558582,0.2926886,0.1626668472,5.47293,0,0,1543.07858555795,389702,9266.78,5622.72,0.615625375,1,4,1998,2018,0,20,20
HKE1718SS3,2016,13,0.9692935,0.2346665,0.802183888558582,0.1507785,0.082759760645,6.2839,0,0,1543.07858555795,389702,9266.78,5622.72,0.615625375,1,4,1998,2018,0,20,20
HKE1718SS3,2016,14,0.959,0.229,0.802183888558582,0.08059341,0.0437330587945,7.10797,0,0,1543.07858555795,389702,9266.78,5622.72,0.615625375,1,4,1998,2018,0,20,20
HKE1718SS3,2016,15,0.9488265,0.2233335,0.802183888558582,0.04006528,0.02151119186837,7.93727,0,0,1543.07858555795,389702,9266.78,5622.72,0.615625375,1,4,1998,2018,0,20,20
HKE1718SS3,2016,16,0.9396385,0.2176665,0.802183888558582,0.02677081,0.014239470829125,8.76398,0,0,1543.07858555795,389702,9266.78,5622.72,0.615625375,1,4,1998,2018,0,20,20
HKE1718SS3,2016,17,0.93172,0.212,0.802183888558582,0.014291762,0.007543449589389,9.58033,0,0,1543.07858555795,389702,9266.78,5622.72,0.615625375,1,4,1998,2018,0,20,20
HKE1718SS3,2016,18,0.9243565,0.2063335,0.802183888558582,0.010736565,0.005630575305209,10.378,0,0,1543.07858555795,389702,9266.78,5622.72,0.615625375,1,4,1998,2018,0,20,20
HKE1718SS3,2016,19,0.9070545,0.195607,0.802183888558582,0.009266394,0.004836757914804,11.1487,0,0,1543.07858555795,389702,9266.78,5622.72,0.615625375,1,4,1998,2018,0,20,20
HKE1718SS3,2016,20,0.9070545,0.195607,0.802183888558582,0.021396196,0.01095571110506,14.164,0,0,1543.07858555795,389702,9266.78,5622.72,0.615625375,1,4,1998,2018,0,20,20
HKE1718SS3,2017,0,0.032405,1.34,8.31528027664132E-07,348396,6122.41891474,9.43444E-06,0,0,1995.74020896941,348396,11106.1,5884.57,0.50372275,1,4,1998,2018,0,20,20
HKE1718SS3,2017,1,0.254671,0.655,0.000911051194401,98176.5,16464.14346,0.0355354,0,0,1995.74020896941,348396,11106.1,5884.57,0.50372275,1,4,1998,2018,0,20,20
HKE1718SS3,2017,2,0.50353,0.56125,0.057324175898869,47459.1,14777.68684,0.13227,0,0,1995.74020896941,348396,11106.1,5884.57,0.50372275,1,4,1998,2018,0,20,20
HKE1718SS3,2017,3,0.613295,0.4675,0.197816111441418,8799.63,3306.45989,0.312104,0,0,1995.74020896941,348396,11106.1,5884.57,0.50372275,1,4,1998,2018,0,20,20
HKE1718SS3,2017,4,0.643395,0.37375,0.5,2116.647,856.2816,0.583611,0,0,1995.74020896941,348396,11106.1,5884.57,0.50372275,1,4,1998,2018,0,20,20
HKE1718SS3,2017,5,0.6713475,0.28,0.5,567.117,246.477097,0.947785,0,0,1995.74020896941,348396,11106.1,5884.57,0.50372275,1,4,1998,2018,0,20,20
HKE1718SS3,2017,6,0.7012995,0.2743335,0.802183888558582,119.2511,53.6386357,1.40048,0,0,1995.74020896941,348396,11106.1,5884.57,0.50372275,1,4,1998,2018,0,20,20
HKE1718SS3,2017,7,0.725497,0.2686665,0.802183888558582,26.6419,12.32100604,1.9343,0,0,1995.74020896941,348396,11106.1,5884.57,0.50372275,1,4,1998,2018,0,20,20
HKE1718SS3,2017,8,0.7406905,0.263,0.802183888558582,6.98703,3.28570372,2.53988,0,0,1995.74020896941,348396,11106.1,5884.57,0.50372275,1,4,1998,2018,0,20,20
HKE1718SS3,2017,9,0.747162,0.2573335,0.802183888558582,2.589906,1.223163764,3.20696,0,0,1995.74020896941,348396,11106.1,5884.57,0.50372275,1,4,1998,2018,0,20,20
HKE1718SS3,2017,10,0.7475585,0.2516665,0.802183888558582,0.988246,0.465373402,3.92498,0,0,1995.74020896941,348396,11106.1,5884.57,0.50372275,1,4,1998,2018,0,20,20
HKE1718SS3,2017,11,0.7435855,0.246,0.802183888558582,0.445677,0.20829893351,4.68355,0,0,1995.74020896941,348396,11106.1,5884.57,0.50372275,1,4,1998,2018,0,20,20
HKE1718SS3,2017,12,0.7372895,0.2403335,0.802183888558582,0.1726223,0.079839002558,5.47293,0,0,1995.74020896941,348396,11106.1,5884.57,0.50372275,1,4,1998,2018,0,20,20
HKE1718SS3,2017,13,0.730052,0.2346665,0.802183888558582,0.0909257,0.0415495978537,6.2839,0,0,1995.74020896941,348396,11106.1,5884.57,0.50372275,1,4,1998,2018,0,20,20
HKE1718SS3,2017,14,0.7231165,0.229,0.802183888558582,0.04833535,0.02183309584432,7.10797,0,0,1995.74020896941,348396,11106.1,5884.57,0.50372275,1,4,1998,2018,0,20,20
HKE1718SS3,2017,15,0.716231,0.2233335,0.802183888558582,0.02657536,0.011880965455078,7.93727,0,0,1995.74020896941,348396,11106.1,5884.57,0.50372275,1,4,1998,2018,0,20,20
HKE1718SS3,2017,16,0.710017,0.2176665,0.802183888558582,0.01355945,0.00600960964456,8.76398,0,0,1995.74020896941,348396,11106.1,5884.57,0.50372275,1,4,1998,2018,0,20,20
HKE1718SS3,2017,17,0.704668,0.212,0.802183888558582,0.009276447,0.004080696808326,9.58033,0,0,1995.74020896941,348396,11106.1,5884.57,0.50372275,1,4,1998,2018,0,20,20
HKE1718SS3,2017,18,0.699644,0.2063335,0.802183888558582,0.005055302,0.002210084258585,10.378,0,0,1995.74020896941,348396,11106.1,5884.57,0.50372275,1,4,1998,2018,0,20,20
HKE1718SS3,2017,19,0.6873775,0.1956215,0.802183888558582,0.003868137,0.001683264845753,11.1487,0,0,1995.74020896941,348396,11106.1,5884.57,0.50372275,1,4,1998,2018,0,20,20
HKE1718SS3,2017,20,0.6873775,0.1956215,0.802183888558582,0.011485698,0.004903353327899,14.164,0,0,1995.74020896941,348396,11106.1,5884.57,0.50372275,1,4,1998,2018,0,20,20
HKE1718SS3,2018,0,0.032695,1.34,8.31528027664132E-07,278502,4937.18639592,9.43444E-06,0,0,2898.33217859265,278502,12412.2,6165.87,0.478255875,1,4,1998,2018,0,20,20
HKE1718SS3,2018,1,0.2571575,0.655,0.000911051194401,88378.3,14948.577552,0.0355354,0,0,2898.33217859265,278502,12412.2,6165.87,0.478255875,1,4,1998,2018,0,20,20
HKE1718SS3,2018,2,0.50339,0.56125,0.057324175898869,39610,12328.89144,0.13227,0,0,2898.33217859265,278502,12412.2,6165.87,0.478255875,1,4,1998,2018,0,20,20
HKE1718SS3,2018,3,0.59147,0.4675,0.197816111441418,16374.68,5980.6187,0.312104,0,0,2898.33217859265,278502,12412.2,6165.87,0.478255875,1,4,1998,2018,0,20,20
HKE1718SS3,2018,4,0.561006,0.37375,0.5,2990.91,1085.0178,0.583611,0,0,2898.33217859265,278502,12412.2,6165.87,0.478255875,1,4,1998,2018,0,20,20
HKE1718SS3,2018,5,0.507716,0.28,0.5,766.536,267.484444,0.947785,0,0,2898.33217859265,278502,12412.2,6165.87,0.478255875,1,4,1998,2018,0,20,20
HKE1718SS3,2018,6,0.4659365,0.2743335,0.802183888558582,218.818,71.7046324,1.40048,0,0,2898.33217859265,278502,12412.2,6165.87,0.478255875,1,4,1998,2018,0,20,20
HKE1718SS3,2018,7,0.4380645,0.2686665,0.802183888558582,44.8651,14.0414672,1.9343,0,0,2898.33217859265,278502,12412.2,6165.87,0.478255875,1,4,1998,2018,0,20,20
HKE1718SS3,2018,8,0.4190195,0.263,0.802183888558582,9.83786,2.9690074,2.53988,0,0,2898.33217859265,278502,12412.2,6165.87,0.478255875,1,4,1998,2018,0,20,20
HKE1718SS3,2018,9,0.404513,0.2573335,0.802183888558582,2.563875,0.748174016,3.20696,0,0,2898.33217859265,278502,12412.2,6165.87,0.478255875,1,4,1998,2018,0,20,20
HKE1718SS3,2018,10,0.3928625,0.2516665,0.802183888558582,0.956364,0.2706689043,3.92498,0,0,2898.33217859265,278502,12412.2,6165.87,0.478255875,1,4,1998,2018,0,20,20
HKE1718SS3,2018,11,0.3824695,0.246,0.802183888558582,0.369889,0.10165572837,4.68355,0,0,2898.33217859265,278502,12412.2,6165.87,0.478255875,1,4,1998,2018,0,20,20
HKE1718SS3,2018,12,0.373069,0.2403335,0.802183888558582,0.1699768,0.045330319578,5.47293,0,0,2898.33217859265,278502,12412.2,6165.87,0.478255875,1,4,1998,2018,0,20,20
HKE1718SS3,2018,13,0.3645895,0.2346665,0.802183888558582,0.0673148,0.0174017491167,6.2839,0,0,2898.33217859265,278502,12412.2,6165.87,0.478255875,1,4,1998,2018,0,20,20
HKE1718SS3,2018,14,0.357262,0.229,0.802183888558582,0.03630904,0.00910135735731,7.10797,0,0,2898.33217859265,278502,12412.2,6165.87,0.478255875,1,4,1998,2018,0,20,20
HKE1718SS3,2018,15,0.3505985,0.2233335,0.802183888558582,0.01974,0.004807682120188,7.93727,0,0,2898.33217859265,278502,12412.2,6165.87,0.478255875,1,4,1998,2018,0,20,20
HKE1718SS3,2018,16,0.3448005,0.2176665,0.802183888558582,0.011073012,0.002633061114033,8.76398,0,0,2898.33217859265,278502,12412.2,6165.87,0.478255875,1,4,1998,2018,0,20,20
HKE1718SS3,2018,17,0.3398755,0.212,0.802183888558582,0.005751424,0.001339877623015,9.58033,0,0,2898.33217859265,278502,12412.2,6165.87,0.478255875,1,4,1998,2018,0,20,20
HKE1718SS3,2018,18,0.3354325,0.2063335,0.802183888558582,0.003999714,0.000914926007608,10.378,0,0,2898.33217859265,278502,12412.2,6165.87,0.478255875,1,4,1998,2018,0,20,20
HKE1718SS3,2018,19,0.324817,0.1956385,0.802183888558582,0.0022119831,0.000498636057601,11.1487,0,0,2898.33217859265,278502,12412.2,6165.87,0.478255875,1,4,1998,2018,0,20,20
HKE1718SS3,2018,20,0.324817,0.1956385,0.802183888558582,0.006936419,0.001488532260102,14.164,0,0,2898.33217859265,278502,12412.2,6165.87,0.478255875,1,4,1998,2018,0,20,20
